Review,Product,Rating,Username,Date
masalah kulitku kerutan,SOMETHINC BAKUCHIOL Skinpair Oil Serum,bintang 5,A***y,1/30/2024
tipe kulitku kering,SOMETHINC CERAMIC SKIN Saviour Moisturizer Gel,bintang 5,A***y,1/30/2024
masalah kulitku kerutan,SOMETHINC HYALuronic9+ Advanced + B5 Serum,bintang 5,A***y,1/30/2024
"bagus banget lip tint nya warnanya jg bagus2, kemasannya gemes banget kecil2 . terimakasih",SOMETHINC Holiday Lip Tint Kit (Ombrella Lip Totem Tint),bintang 5,rohimah,1/30/2024
"expire 2026, pengiriman cepat. cocok asal penggunaan sesuai instruksi.","SOMETHINC AHA 7%, BHA 1%, PHA 3% Weekly Peeling Solution",bintang 5,n***a,1/30/2024
No review found,SOMETHINC Reset Gentle Micellar Cleansing Water,bintang 5,Asti,1/30/2024
No review found,SOMETHINC SKIN GOALS Vita Propolis Glow Essence Toner,bintang 5,Asti,1/30/2024
dapet gift setiap pembelian‚Ä¶lucu bgt sukaaa‚Ä¶makasi,SOMETHINC [5 PCS] Paket Lengkap Acnedot Series,bintang 5,E***a,1/30/2024
ringan banget kaya ga pake apa apa terus beneran transferproof üò≠ü§è mana design nya lucu lagiii,SOMETHINC Checkmatte Transferproof Lipstick,bintang 5,Kinanti,1/30/2024
"tipe kulitku sensitif dan cocok banget pake ini.
gak bikin kering sama sekali",SOMETHINC [2 PCS] Paket Hemat Twinpack Low PH Jelly Cleanser,bintang 5,C***a,1/30/2024
"Datang sesuai estimasi pengiriman, packing aman. terima kasih jne dan tokopedia ‚ù§Ô∏è",SOMETHINC Low pH Gentle Jelly Cleanser - Face Wash / Face Cleanser,bintang 5,Audina,1/30/2024
"pertama coba nih serum moga cocok, packing aman dan kurir TOPPP.
tipe kulitku berminyak masalah kulitku jerawat masalah kulitku pori besar",SOMETHINC 10% Lactic + Glycolic Peeling Serum,bintang 5,a***n,1/30/2024
suka sama retinolnya somethinc,SOMETHINC Level 1% Encapsulated Retinol,bintang 5,i***h,1/30/2024
Baguuus.. warna pas. Coverage ok,SOMETHINC Copy Paste Tinted Sunscreen SPF 40 PA++++,bintang 5,fauziyamanan,1/30/2024
cocok buatku yg ga pake bedak....awalnya emang ada agak abu gt dikulit tp kalo sdh meresap goooodddd,SOMETHINC Holyshield! Sunscreen Comfort Corrector Serum SPF 50+ PA++++,bintang 5,A***I,1/30/2024
diamond nak bgt dipake. lemonade ku baru mau coba. smga cocok,SOMETHINC [2 PCS] Layering Diamond Serum Favorit,bintang 5,A***I,1/30/2024
enak.banget aplikatornyaaa,SOMETHINC FOREVER STAY Waterproof Liquid Eyeliner,bintang 5,Deny,1/30/2024
"Fast response, on time delivery",SOMETHINC Dark Spot Reducer Ampoule,bintang 5,Gita,1/30/2024
"Fast response, on time delivery",SOMETHINC BAKUCHIOL Skinpair Oil Serum,bintang 5,Gita,1/30/2024
"Fast response, on time delivery",SOMETHINC RESURRECT Multibiome Serum,bintang 5,Gita,1/30/2024
baru sekali ini mau coba. semoga cocok. tqpi klo serum lainnya udah kesekian kali pake dan cocok cocok aja di kulit.,SOMETHINC Hylapore Away Solution,bintang 5,I***o,1/29/2024
"ini pembelian ke dua serum diamond ini.
sejauh ini cocok di kulit. belum ada perubahan yang signifikan. tapi karena di kulit enak, jadi beli lagi ....",SOMETHINC [2 PCS] Layering Diamond Serum Favorit,bintang 5,I***o,1/29/2024
"cocok pake pelembab ini. selalu dipake siang dan malem.
lebih suka packaging yang 25ml karena bisa ke kontrol pemakaiannya dan gak kebanyakan nempel ke muka.",SOMETHINC [2 PCS] Paket Hemat Ceramic Skin Saviour Moisturizer Gel,bintang 5,I***o,1/29/2024
"baru nyoba sekali ini.
semoga cocok. tapi klo produk skin care lainnya udah bbrp kali coba dan cocok di kulit.",SOMETHINC BEE POWER Propolis Glow Lip Serum,bintang 5,I***o,1/29/2024
bagus bikin bulu mata lentik dan awet,SOMETHINC HANGOVER Voluminous Fiber Lash Smudgeproof Mascara,bintang 5,z***i,1/29/2024
"First nyoba moist ini, semoga cocok. Makasih min dikasih bonus lucuu. Sukses selalu",[Tasya Farasya Approved] SOMETHINC Calm Down! Skinpair Moisturizer,bintang 5,Laila,1/29/2024
Best matte lipstick. Repeat order kesekian kalinya tak terhitung. Lipstick favourite.,SOMETHINC IDOL BLURRY Soft Lip Matte - Lip Cream Matte,bintang 5,Hanan,1/29/2024
No review found,SOMETHINC Copy Paste Tinted Sunscreen SPF 40 PA++++,bintang 5,R***h,1/29/2024
tipe kulitku normal masalah kulitku kerutan,SOMETHINC Holyshield! Sunscreen Comfort Corrector Serum SPF 50+ PA++++,bintang 5,T***i,1/29/2024
Alhamdulillah dapet diskonan. Terima kasih kak,SOMETHINC 10% Niacinamide + Moisture Sabi Beet Brightening Serum,bintang 5,Miss,1/29/2024
"wanginya soft, pembelian pertama",SOMETHINC Botanical Heritage Oil Serum,bintang 5,Lisawati,1/29/2024
"agak encer, dicoba dulu ya thx",SOMETHINC Bakuchiol R-Cover Firming Body Cr√®me - Body Serum Lotion,bintang 5,Lisawati,1/29/2024
No review found,SOMETHINC [5 PCS] Paket Lengkap Acnedot Series,bintang 5,Santi,1/29/2024
tipe kulitku sensitif tipe kulitku kering,[FLASH SALE] SOMETHINC Calm Down! Skinpair Moisturizer - 30ml,bintang 5,G***z,1/29/2024
tipe kulitku sensitif,SOMETHINC [4 PCS] Paket Lengkap Calm Down Series,bintang 5,D***a,1/29/2024
No review found,SOMETHINC - Nakama Beauty Bazaar 2024 - (MAKEUP),bintang 5,M***y,1/29/2024
tipe kulitku berminyak masalah kulitku jerawat,[Tasya Farasya Approved] SOMETHINC Calm Down! Skinpair Moisturizer,bintang 5,R***a,1/29/2024
ori,SOMETHINC SUPPLE POWER Hyaluronic9+ Onsen Essence Toner,bintang 5,F***l,1/29/2024
Paket diterima dg baik dan pengiriman cepat banget. Packagingnya bagus banget aman jg. Produk cocok dg kulit istri saya. Senang banget dia. Thanks,SOMETHINC Low pH Gentle Jelly Cleanser - Face Wash / Face Cleanser,bintang 5,Fathur,1/29/2024
"tipe kulitku berminyak 
pengiriman cepat produk baik sesuai deskripsi. makasih seller",SOMETHINC [2 PCS] Paket Hemat Twinpack Low PH Jelly Cleanser,bintang 5,S***i,1/29/2024
"barang sudah sampai dan sesuai, semoga cocok di akuu, thanks sellerrr tipe kulitku kombinasi tipe kulitku sensitif masalah kulitku jerawat masalah kulitku pori besar",SOMETHINC ACNEDOT Treatment Toner,bintang 5,F***i,1/29/2024
tipe kulitku kombinasi masalah kulitku pori besar masalah kulitku kerutan,[FLASH SALE] SOMETHINC 10% Niacinamide + Moisture Sabi Beet Serum,bintang 5,e***a,1/29/2024
"Seneng banget dapet harga promo üò≠ Terus padahal ditulisannya gak ada bonus gift, dikasih gift eyelashes curler dong, huhu thank you Somethinc üíõ",[Tasya Farasya Approved] SOMETHINC Calm Down! Skinpair Moisturizer,bintang 5,S***a,1/29/2024
tipe kulitku berminyak tipe kulitku kering tipe kulitku normal tipe kulitku kombinasi masalah kulitku kerutan masalah kulitku jerawat masalah kulitku pori besar tipe kulitku sensitif,SOMETHINC Calm Down! Skinpair Bubble Cleanser - Face Wash,bintang 5,W***z,1/29/2024
Terima kasih üëçüôè,SOMETHINC SKIN GOALS Moisture Silk Crem√®,bintang 5,Ana,1/29/2024
Terima kasih üëçüôè,SOMETHINC HYALuronic9+ Advanced + B5 Serum,bintang 5,Ana,1/29/2024
perfect shade!,SOMETHINC Checkmatte Transferproof Lipstick,bintang 5,Anggita,1/29/2024
"terbaik, favorite üëç",[Tasya Farasya Approved] SOMETHINC Diamond Phyto Stem Cell Serum,bintang 5,Dicky,1/29/2024
"bagus banget, baru seminggu pakai bacne ku mulai hilang. ada purgingnya dia kek bikin bacne mateng dulu gitu abis itu baru ilang, tapi dikit banget isinya baru seminggu habis mungkin karena pakenya terlalu banyak kali ya üò≠",SOMETHINC Bacne 1% Biosalicylic Spray,bintang 5,Jupan,1/29/2024
nice,SOMETHINC - Nakama Beauty Bazaar 2024 - (SKINCARE),bintang 5,sayyidah,1/29/2024
"tipe kulitku kombinasi

biasanya beli jar baru. baru nyobain ver refilnya
aku cocok bgt. dulu kulitku pernah kering sampe luka yg jadi hitam ketarik kulitnya, pake ini seminggu bener2 sembuh dan bekasnya pudar.",[FLASH SALE] SOMETHINC CERAMIC SKIN Saviour Moisturizer Gel,bintang 5,A***a,1/29/2024
No review found,SOMETHINC 5% Niacinamide + Moisture Sabi Beet Serum,bintang 5,Oriz,1/29/2024
No review found,SOMETHINC HYALuronic9+ Advanced + B5 Serum,bintang 5,Oriz,1/29/2024
seneng banget dapet harga 111rb ü§ó,SOMETHINC [2 PCS] Paket Skincare Pilihan,bintang 5,Khoirun,1/29/2024
No review found,SOMETHINC HOOMAN UNDER CONTROL HD Blur Loose Powder,bintang 5,Mauhibah,1/29/2024
"tipe kulitku berminyak masalah kulitku jerawat tipe kulitku sensitif, cocok dengan cleansing dari somethinc.. keren.. tq",SOMETHINC [2 PCS] Paket Hemat Twinpack Low PH Jelly Cleanser,bintang 5,Yenti,1/29/2024
tipe kulitku berminyak,[FLASH SALE] SOMETHINC Calm Down! Skinpair Moisturizer - 30ml,bintang 5,R***a,1/29/2024
barang sampai dengan selamat. tapi udah 3x beli disini gak pernah dapet bonus. jadi yg pada dapet bonus tu bener gak ya...,SOMETHINC [2 PCS] Layering Diamond Serum Favorit,bintang 4,S***i,1/29/2024
tipe kulitku normal,SOMETHINC Level 1% Encapsulated Retinol,bintang 5,O***i,1/29/2024
Udah cocok..bagus di muka..ngurangin garis halus N kerut,SOMETHINC CRIOUSLY 24K GOLD ESSENCE,bintang 5,R***h,1/29/2024
mantap...... dpt harga diskon. mkasih ya min,SOMETHINC COFFEEINC Lip Scrub,bintang 5,a***p,1/29/2024
tipe kulitku normal tipe kulitku sensitif,SOMETHINC [2 PCS] Paket Hemat Twinpack Low PH Jelly Cleanser,bintang 5,r***a,1/29/2024
semoga cocok,SOMETHINC Low pH Gentle Jelly Cleanser - Face Wash / Face Cleanser,bintang 5,D***a,1/29/2024
"pengiriman cepet, bagusss. next order lagiiiii",SOMETHINC [2 PCS] The Perfect Lash - Eyelash Serum & Mascara,bintang 5,natasha,1/29/2024
tipe kulitku normal,SOMETHINC Low pH Gentle Jelly Cleanser - Face Wash / Face Cleanser,bintang 5,V***a,1/29/2024
masalah kulitku jerawat tipe kulitku sensitif. cocok banget,SOMETHINC Revive Potion 3% Arbutin + Bakuchiol,bintang 5,S***i,1/29/2024
No review found,SOMETHINC Checkmatte Transferproof Lipstick,bintang 5,Lina,1/29/2024
Pesanan yg datang sesuai dan tidak bocor.,SOMETHINC CERAMIC SKIN Saviour Moisturizer Gel,bintang 5,Rischatmms,1/29/2024
Pesanan yg datang sesuai dan tidak bocor.,SOMETHINC SUPPLE POWER Hyaluronic9+ Onsen Essence Toner,bintang 5,Rischatmms,1/29/2024
Pesanan yg datang sesuai dan tidak bocor.,[Tasya Approved] SOMETHINC Holyshield! UV Watery Gel SPF 50+ PA++++,bintang 5,Rischatmms,1/29/2024
Pesanan yg datang sesuai dan tidak bocor.,SOMETHINC HYALuronic9+ Advanced + B5 Serum,bintang 5,Rischatmms,1/29/2024
recomended. thx. :),SOMETHINC 3% Astaxanthin + Chlorelina Serum,bintang 5,Ester,1/29/2024
"Bagus bgt weh sat set tiap pagi, buat aku yang super keringetan ini masih awet sampe malem. Ada transfer cuma ga heboh",SOMETHINC Copy Paste Tinted Sunscreen SPF 40 PA++++,bintang 5,Ovin,1/29/2024
barang bagus pastinya original,SOMETHINC Copy Paste Tinted Sunscreen SPF 40 PA++++,bintang 5,H***l,1/29/2024
masalah kulitku kerutan tipe kulitku sensitif tipe kulitku kombinasi,SOMETHINC Toner Series,bintang 5,Agus,1/28/2024
goooooooddd,SOMETHINC SKIN GOALS Moisture Silk Crem√®,bintang 5,Agus,1/28/2024
tipe kulitku kombinasi tipe kulitku normal tipe kulitku kering tipe kulitku berminyak,[FLASH SALE] SOMETHINC Low pH Gentle Jelly Cleanser,bintang 5,Agus,1/28/2024
Cakepppp,SOMETHINC Brow Matters Triangle Eyebrow Pencil,bintang 5,Y***a,1/28/2024
"Sudah sampai, semoga ada hasil..",SOMETHINC GAME CHANGER Tripeptide Eye Concentrate Gel,bintang 5,a***e,1/28/2024
tahan lama teksturnya cair mudah meresap,SOMETHINC BROW WIZ Retractable Eyebrow,bintang 5,dwi,1/28/2024
cocok ini favorite selalu gunakan inii,[FLASH SALE] SOMETHINC Low pH Gentle Jelly Cleanser,bintang 5,M***d,1/28/2024
tipe kulitku berminyak tipe kulitku kering tipe kulitku sensitif masalah kulitku kerutan masalah kulitku jerawat tipe kulitku normal tipe kulitku kombinasi,[FLASH SALE] SOMETHINC Low pH Gentle Jelly Cleanser,bintang 5,H***i,1/28/2024
bagussss pengiriman cepaaattt makasiii sellerrü´∂üèª,SOMETHINC [2 PCS] Sheer Glam Makeup Kit (Tinted Sunscreen + Lipstick),bintang 5,Annisa,1/28/2024
"mantapp, belom dicoba sih untuk ketahanannya tapi enak buat diaplikasikannya",SOMETHINC FOREVER STAY Waterproof Liquid Eyeliner,bintang 5,R***i,1/28/2024
"cepat sampai dan respon baik. barang belum dicoba, nanti diupdate lagi",SOMETHINC Holyshield! Sunscreen Comfort Corrector Serum SPF 50+ PA++++,bintang 5,K***i,1/28/2024
"Produk sesuai deskripsi, packaging rapi & aman, pengiriman cepat, dpt diskon tokped jd cuma 58rb üëçüèª",SOMETHINC WAKE ME UP HD Blur Full High Coverage Concealer,bintang 5,F***a,1/28/2024
"Texture dan Baunya kurang biasa sih, tapi masih bisa ditoleransi kok. Untuk ukuran yang 30ml kirain sudah airless pump juga ternyata belum. Overall masih aman-aman aja di kulit Normal-Berminyak karena masih kurang dari seminggu pemakaian.",[FLASH SALE] SOMETHINC Calm Down! Skinpair Moisturizer - 30ml,bintang 4,A***l,1/28/2024
"Ringan bangettttt tapi tetep ada coveragenya walau tipis. Semoga sering diskon besar ya heheheh aku pake hooman n copy paste cushion yg perle, pake ini juga perle. Di kulitku yg fair cocok bangetttt! Kayak ga ada dempulnya",SOMETHINC Copy Paste Tinted Sunscreen SPF 40 PA++++,bintang 5,Pia,1/28/2024
ga tau kok malah jerawat muncul.. btw serum juga merk baru.. semoga aman..,[Tasya Farasya Approved] SOMETHINC Calm Down! Skinpair Moisturizer,bintang 5,A***f,1/28/2024
masalah kulitku jerawat,SOMETHINC [2 PCS] New Layering Serum Best Seller,bintang 5,Shinta,1/28/2024
"baru pertama kali coba kebetulan co pas lagi diskon jadi 28k aja, semoga cocok sih",SOMETHINC Reset Gentle Micellar Cleansing Water,bintang 5,N***n,1/28/2024
Mantap sesuaiii semoga cocok,SOMETHINC [2 PCS] Paket Skincare Pilihan,bintang 5,D***e,1/28/2024
Tadinya mau beli diofflinestore tp mahal bgt 99k pas cek dionline store nya cuma 65k karena dpt potongan sm lg flashsale langsung beli,SOMETHINC HOOMAN UNDER CONTROL HD Blur Loose Powder,bintang 5,S***a,1/28/2024
No review found,SOMETHINC Checkmatte Transferproof Lipstick,bintang 5,Suci,1/28/2024
No review found,SOMETHINC Checkmatte Transferproof Lipstick,bintang 5,Suci,1/28/2024
makasiihh üëçüëçüëçüëçüëçüëçüëç,SOMETHINC 10% Niacinamide + Moisture Sabi Beet Brightening Serum,bintang 5,Ika,1/28/2024
üëçüèªüëçüèªüëçüèªüëçüèªüëçüèªüëçüèªüëçüèª makasih,SOMETHINC Calm Down! PHA 3% Soothing Everyday Toner,bintang 5,Ika,1/28/2024
üëçüèªüëçüèªüëçüèªüëçüèªüëçüèªüëçüèªüëçüèª makasih,SOMETHINC HYALuronic9+ Advanced + B5 Serum,bintang 5,Ika,1/28/2024
makasiihh üëçüëçüëçüëçüëçüëçüëç.. tp tumben ga ada gift nya ü§™,SOMETHINC Copy Paste Tinted Sunscreen SPF 40 PA++++,bintang 5,Ika,1/28/2024
makasiihh üëçüëçüëçüëçüëçüëçüëç,SOMETHINC HOOMAN UNDER CONTROL HD Blur Loose Powder,bintang 5,Ika,1/28/2024
"tipe kulitku berminyak masalah kulitku jerawat
Semoga cocok sama rangkaian ini 
Terimakasih",SOMETHINC [5 PCS] Paket Lengkap Acnedot Series,bintang 5,Salvania,1/28/2024
Stlh semingguan pke muka jd bruntusan gtw emng efek samping pemakaian ato emng ga cocok,[FLASH SALE] SOMETHINC 10% Niacinamide + Moisture Sabi Beet Serum,bintang 3,L***a,1/28/2024
tipe kulitku normal,SOMETHINC [2 PCS] Layering Diamond Serum Favorit,bintang 5,O***i,1/28/2024
Bagus,SOMETHINC ACNEDOT Treatment Toner,bintang 5,K***h,1/28/2024
Pengirimannya cukup cepat dan barang yg dikirimkan sesuai pesanan. Expired datenya 08 dan 09.2026,SOMETHINC [2 PCS] New Layering Serum Best Seller,bintang 5,Y***a,1/28/2024
"cocok dikulit saya, ngak kering atau ketarik, pengiriman cepet, mantull",SOMETHINC Low pH Gentle Jelly Cleanser - Face Wash / Face Cleanser,bintang 5,e***n,1/28/2024
"lipstiknya mudah patah, saran kalau pakai jangan diulur terlalu panjang.",SOMETHINC Checkmatte Transferproof Lipstick,bintang 3,I***n,1/28/2024
"barang lengkap, packing aman dan rapi. belum coba productnya. semoga cocok. tipe kulitku normal",SOMETHINC [2 PCS] Layering Diamond Serum Favorit,bintang 5,I***a,1/28/2024
"Bacanya review nya bagus2, mudah2an jg cocok. Terima kasih bonusnya, pas banget pas lagi butuh..",[Tasya Farasya Approved] SOMETHINC Calm Down! Skinpair Moisturizer,bintang 5,R***a,1/28/2024
Cocok dikulit. Sebelum pakai jerawat 2 biji di pipi agak meradang. Malam dikasih besoknya udh mendingan dan kempes.,[FLASH SALE] SOMETHINC ACNE SHOT AC Overnight Treatment Spot Cream,bintang 5,D***y,1/28/2024
Sebenarnya bagus. Tapi di aq jatuhnya bikin bibir agak kering. Walaupun sebelum pake lipstick udh pakai lipbalm. Warnanya pigmented bgt. Merah queennya bagus bgt,SOMETHINC Checkmatte Transferproof Lipstick,bintang 4,Dessy,1/28/2024
tipe kulitku normal,SOMETHINC 10% Niacinamide + Moisture Sabi Beet Brightening Serum,bintang 5,I***s,1/28/2024
"Exp date msh lama,pengirimannya jg cepat,dapet diskonnya lumayan lagiüòÅ,,thanks somethinc üëçüëç",SOMETHINC [2 PCS] Paket Skincare Pilihan,bintang 5,V***a,1/28/2024
hbdbdbsjsjsjsnzjjsbsbsbshsbsbsjsjsjsnsjdnsndjxnenxjsibdhfhanwbzjx,SOMETHINC Low pH Gentle Jelly Cleanser - Face Wash / Face Cleanser,bintang 5,a***a,1/28/2024
No review found,SOMETHINC [2 PCS] Paket Skincare Pilihan,bintang 5,M***a,1/28/2024
No review found,SOMETHINC GLOW MAKER AHA BHA PHA Clarifying Treatment Toner,bintang 5,R***a,1/28/2024
No review found,SOMETHINC [4 PCS] Paket Atasi Jerawat,bintang 5,F***n,1/28/2024
"semoga cocok di kulitku yg sensitif ini, karna banyak tmn yg rekomen coba ini jadi lgsg aku checkout!‚ù§Ô∏è",[Tasya Farasya Approved] SOMETHINC Calm Down! Skinpair Moisturizer,bintang 5,m***a,1/28/2024
Belum dicoba. smg cocok,SOMETHINC BEE POWER Propolis Glow Lip Serum,bintang 5,P***n,1/28/2024
tipe kulitku kombinasi,SOMETHINC ACNEDOT Treatment Moisturizer Gel,bintang 5,A***n,1/28/2024
tipe kulitku kombinasi,[FLASH SALE] SOMETHINC Holyshield! UV Watery Sunscreen Gel SPF 50+,bintang 5,A***n,1/28/2024
sesuai deskripsi,[FLASH SALE] SOMETHINC DIAMOND PHYTO Stem Cell Serum,bintang 5,H***i,1/28/2024
sesuai deskripsi,SOMETHINC [2 PCS] Combo Exfoliating Glowing,bintang 5,H***i,1/28/2024
tipe kulitku kombinasi,[FLASH SALE] SOMETHINC Holyshield! UV Watery Sunscreen Gel SPF 50+,bintang 5,A***i,1/28/2024
No review found,SOMETHINC Copy Paste Tinted Sunscreen SPF 40 PA++++,bintang 5,Stefany,1/28/2024
"paket aman, semoga cocok.",SOMETHINC [4 PCS] Paket Lengkap Calm Down Series,bintang 5,Dhani,1/28/2024
masalah kulitku pori besar,SOMETHINC Lemonade Waterless Vitamin C+Ferulic+NAG,bintang 5,R***A,1/28/2024
tipe kulitku berminyak tipe kulitku kering tipe kulitku normal tipe kulitku kombinasi tipe kulitku sensitif masalah kulitku jerawat,SOMETHINC Calm Down Series - Skincare Kulit Ngamuk dan Sensitif,bintang 5,A***a,1/28/2024
"kiriman cepat, packing bagus",SOMETHINC [2 PCS] Best of The Best Hooman Duo (Cushion + Powder),bintang 5,Sarmauli,1/28/2024
Sesuai dengan deskripsi,SOMETHINC SRSLY Balancer Makeup Setting Spray,bintang 5,E***o,1/28/2024
tipe kulitku berminyak tipe kulitku sensitif,SOMETHINC Calm Down! PHA 3% Soothing Everyday Toner,bintang 5,F***h,1/28/2024
"bagus bangett, kulit jadi lembut",[FLASH SALE] SOMETHINC Low pH Gentle Jelly Cleanser,bintang 5,T***i,1/28/2024
"Sudah sampai, packing aman. Dapet free penjepit bulu mata Thank youu",[Tasya Farasya Approved] SOMETHINC Calm Down! Skinpair Moisturizer,bintang 5,Rizka,1/28/2024
"Sudah sampai, packing aman. Dapet free penjepit bulu mata Thank you",SOMETHINC Ombrella Lip Totem Tint,bintang 5,Rizka,1/28/2024
tipe kulitku kering,SOMETHINC SOS Bakuchiol Electrolyte Rich Moisturizer Silk Creme,bintang 5,D***a,1/28/2024
tipe kulitku berminyak,SOMETHINC [5 PCS] Paket Lengkap Acnedot Series,bintang 5,R***d,1/28/2024
"dapet harga 15rb. pengiriman cepat, teruntuk kurir gtl terima kasih tetap mau anter walaupun udah jam 10 malem, krn hujan seharian jadi harus lemburr.",SOMETHINC COFFEEINC Lip Scrub,bintang 5,s***t,1/27/2024
"dapet harga 10rb. pengiriman cepat, teruntuk kurir gtr terima kasih tetap mau anter walaupun udah jam 10 malem, krn hujan seharian jadi harus lemburr.",SOMETHINC Reset Gentle Micellar Cleansing Water,bintang 5,s***t,1/27/2024
"simple buat dibawa kemana mana, dan bisa dipakai tanpa cuci tangan",SOMETHINC Holyshield Glow Sunscreen Stick SPF 50++ PA ++++,bintang 5,C***a,1/27/2024
"Sesuai namanya matte banget, bener transferproof, bisa tahan seharian.",SOMETHINC Checkmatte Transferproof Lipstick,bintang 5,D***n,1/27/2024
tipe kulitku kombinasi,[Tasya Approved] SOMETHINC Holyshield! UV Watery Gel SPF 50+ PA++++,bintang 5,L***a,1/27/2024
"tipe kulitku berminyak masalah kulitku jerawat masalah kulitku pori besar
wrappingnya rapih bubble wrap dan bersegel.. senangnya",SOMETHINC [2 PCS] Paket Hemat Twinpack Low PH Jelly Cleanser,bintang 5,W***a,1/27/2024
Bagussssssss bneran dpt kipas mini super lucuuuu semiga cocok acne hempasssss,SOMETHINC [5 PCS] Paket Lengkap Acnedot Series,bintang 5,D***a,1/27/2024
"tipe kulitku normal
cocok pakai ini...

paket aman...
pelayanan oke...

ada bubble wrap..",SOMETHINC 10% Niacinamide + Moisture Sabi Beet Brightening Serum,bintang 5,S***l,1/27/2024
"Pas shadenya, tahan seharian, full coverage, nahan minyak, hasilnya ga kaya pake foundi tp alus alami. tipe kulitku  kombinasi.",SOMETHINC Badass Breathable Full Coverage 12HR Serum Foundation,bintang 5,E***y,1/27/2024
Selalu jatuh cinta sama produk somethinc ü©∑,SOMETHINC [2 PCS] Firming Body Skin,bintang 5,Amelia,1/27/2024
Jatuh cinta banget sama produk2 somethinc ü©∑,SOMETHINC Calm Down! PHA 3% Soothing Everyday Toner,bintang 5,Amelia,1/27/2024
Bagus,SOMETHINC Dark Spot Reducer Ampoule,bintang 5,a***e,1/27/2024
Bagus,SOMETHINC Calm Down! Skinpair Barrier Serum,bintang 5,a***e,1/27/2024
"Semoga cocok, packaging aman",SOMETHINC 3% Astaxanthin + Chlorelina Serum,bintang 5,k***r,1/27/2024
tipe kulitku berminyak,SOMETHINC Copy Paste Tinted Sunscreen SPF 40 PA++++,bintang 5,Santi,1/27/2024
"Kirimnya cpt, brg sesuai. Lumayan dpt hrg flashsale. Packing oke bgt ada bubble plus dus. Sip.",SOMETHINC 10% Niacinamide + Moisture Sabi Beet Brightening Serum,bintang 5,C***e,1/27/2024
"masalah kulitku jerawat  baru mau coba, smoga cocok",SOMETHINC BAKUCHIOL Skinpair Oil Serum,bintang 5,yeti,1/27/2024
"Baru coba, jadi belom ada koment",SOMETHINC [2 PCS] Paket Hemat Twinpack Low PH Jelly Cleanser,bintang 5,Alang,1/27/2024
Cepat sekali datangnya..,SOMETHINC 5% Niacinamide + Moisture Sabi Beet Serum,bintang 5,Adhie,1/27/2024
"paket sudah sampai, packagingnya bagus, meskipun order 1 tp diberikan box jadi aman. produk belum dicoba. sering sering adain diskon ya kak, thanks seller",[FLASH SALE] SOMETHINC ACNE SHOT AC Overnight Treatment Spot Cream,bintang 5,R***a,1/27/2024
"pengemasan baik,,brang bagus,,belum dicoba..semoga cocok..",SOMETHINC [2 PCS] The Perfect Lash - Eyelash Serum & Mascara,bintang 4,Asri,1/27/2024
"pengemasan baik,,tpi blum dicoba semoga cocok",SOMETHINC [2 PCS] Best of The Best Hooman Duo (Cushion + Powder),bintang 5,Asri,1/27/2024
tumben belanja banyak ga dapet bonus,SOMETHINC Low pH Gentle Jelly Cleanser - Face Wash / Face Cleanser,bintang 5,Rolah,1/27/2024
No review found,[FLASH SALE] SOMETHINC Holyshield! UV Watery Sunscreen Gel SPF 50+,bintang 5,W***a,1/27/2024
pas dpt flash sale.....ok bener .....ringan dipakai tq ya gan,[FLASH SALE] SOMETHINC Holyshield! UV Watery Sunscreen Gel SPF 50+,bintang 5,Procurement,1/27/2024
mantappp.. dapet pas flash sale cuma 120rban..,[FLASH SALE] SOMETHINC Low pH Gentle Jelly Cleanser,bintang 5,F***i,1/27/2024
"ok sesuai pesanan, somethinc ini lembut dan lembab tidak kering di bibir matte nya bagus.",SOMETHINC IDOL BLURRY Soft Lip Matte - Lip Cream Matte,bintang 5,Aphrodita,1/27/2024
thank you somethinc buat giftnyaaa,[Tasya Farasya Approved] SOMETHINC Calm Down! Skinpair Moisturizer,bintang 5,Aulia,1/27/2024
No review found,SOMETHINC 350ml Low pH Gentle Jelly Cleanser - Face Wash,bintang 5,Budi,1/27/2024
tipe kulitku berminyak tipe kulitku kombinasi,SOMETHINC GLOW MAKER AHA BHA PHA Clarifying Treatment Toner,bintang 5,Florentina,1/27/2024
Isinya seuprit üòÇüòÇüòÇüòÇ,[FLASH SALE] SOMETHINC ACNE SHOT AC Overnight Treatment Spot Cream,bintang 3,April,1/27/2024
packaging nya mantap.....,[FLASH SALE] SOMETHINC 5% Niacinamide + Moisture Sabi Beet Serum,bintang 5,Heri,1/27/2024
bgus bgt..lg suka sm produk somethinc..mksh,SOMETHINC HANGOVER Voluminous Fiber Lash Smudgeproof Mascara,bintang 5,Nanda,1/27/2024
brg sesuai pesanan,SOMETHINC Low pH Gentle Jelly Cleanser - Face Wash / Face Cleanser,bintang 5,B***g,1/27/2024
Ok,SOMETHINC [2 PCS] Light Makeup Look Kit (Tinted Sunscreen + Mascara),bintang 5,Akbar,1/27/2024
"Bagus lah, istri tidak komplain.",SOMETHINC SCANDAL Waterproof Retractable Eyeliner,bintang 5,G***r,1/27/2024
Semoga cocok. Packing super aman. Pengiriman super cepat. Expired aman.,SOMETHINC GLOW MAKER AHA BHA PHA Clarifying Treatment Toner,bintang 5,R***a,1/27/2024
tipe kulitku sensitif,SOMETHINC Low pH Gentle Jelly Cleanser - Face Wash / Face Cleanser,bintang 5,Yuni,1/27/2024
tipe kulitku kombinasi masalah kulitku pori besar,SOMETHINC 5% Niacinamide + Moisture Sabi Beet Serum,bintang 5,paw,1/27/2024
"imut bgt ternyata...warna match untuk kulit sawo matsng, ringan di gunakan ada sensasi sdikit aroma mint",SOMETHINC Holiday Lip Tint Kit (Ombrella Lip Totem Tint),bintang 5,D***y,1/27/2024
Loose powdernya oke banget sih ü•π super luv sama somethinc,SOMETHINC HOOMAN UNDER CONTROL HD Blur Loose Powder,bintang 5,Anastasia,1/27/2024
pengiriman cpt aman tdk pecah. pump up bottle lbh hygiene dari pipet. texture cpt menyerap tdk lengket tdk berbau (fragrance free). ada sdikit rasa ketarik harus di layer pelembab yg netral/soothing,[FLASH SALE] SOMETHINC 5% Niacinamide + Moisture Sabi Beet Serum,bintang 5,D***y,1/27/2024
tipe kulitku berminyak masalah kulitku jerawat cucok,SOMETHINC BAKUCHIOL Skinpair Oil Serum,bintang 5,G***a,1/27/2024
"Kualitasnya okei banget, ringan, good coverage, tapiiiiii kl keringetan, jadi putih di muka üòÇ",SOMETHINC Copy Paste Tinted Sunscreen SPF 40 PA++++,bintang 4,V***N,1/27/2024
"tipe kulitku sensitif, pakai serum ini aman sih meskipun ada wanginya. Tapi aku suka banget mulai keliatan hasilnya seperti setelah pemakaian retinol gitu..
Dapat harga 129rb oke sih",[Tasya Farasya Approved] SOMETHINC Diamond Phyto Stem Cell Serum,bintang 5,L***A,1/27/2024
Sesuai pesanan,SOMETHINC Checkmatte Transferproof Lipstick,bintang 5,WIGI,1/26/2024
pengirimannya agak lama,[FLASH SALE] SOMETHINC Calm Down! Skinpair Moisturizer - 30ml,bintang 5,S***a,1/26/2024
"Proses kirim cepat. Pesan same day jam 12 malam, dikirim hari itu jg, nyampe malam. Pas bgt untungnya krn lg butuh buat besok paginya. Jarak expired cuma setahun.",SOMETHINC HALO POTION Liquid Volume Highlighter,bintang 5,C***a,1/26/2024
"Baru coba sekali dan tipis2 dulu ga 2jari, bismillah semoga cocok dan berhasil baik",SOMETHINC Copy Paste Tinted Sunscreen SPF 40 PA++++,bintang 5,Geugeu,1/26/2024
"membantu banget ngurangi jerawat, habis dipakek juga gaada sensasi ketarik, terus busanya juga tipe yang gabanyak bubble nya",SOMETHINC ACNEDOT Treatment Low pH Cleanser,bintang 5,A***r,1/26/2024
Barang sesuai deskripsi. Kualitas terbaik original. Pengiriman ontime. Thanks,SOMETHINC 10% Niacinamide Barrier Serum,bintang 5,Aris,1/26/2024
"produknya ok, produk cepat blend dgn warna kulit wajah sehingga terlihat natural dan tidak oily di wajah saya yg tipe berminyak.",SOMETHINC Copy Paste Tinted Sunscreen SPF 40 PA++++,bintang 5,theresia,1/26/2024
tipe kulitku kering tipe kulitku normal,SOMETHINC 5% Niacinamide + Moisture Sabi Beet Serum,bintang 5,H***a,1/26/2024
sesuai order,SOMETHINC 10% Lactic + Glycolic Peeling Serum,bintang 5,Joe,1/26/2024
"teksturnya ringan kayak air, cepat meresap dan minim fragrance. aku suka serum ini karena ga bikin gampang break out tipe kulitku berminyak masalah kulitku pori besar",SOMETHINC Revive Potion 3% Arbutin + Bakuchiol,bintang 5,E***n,1/26/2024
"pengiriman ke medan cepat, cuma sayangnya jasa pengirimannya kurir rekomendasi x, kdg bermasalah & nyasar. lebih baik diperhatikan kembali bekerjasama dengan jasa pengiriman yg seperti apa baiknya. karena untk ajukan komplain produk juga harus nunggu maksimal 7 hari, pembeli udh panik duluan dong klo paketnya malah nyampe ke rumah org yg ntah dmna tanpa ada kabar dari kurir, tau2 dibilang udh diterima pembeli.",SOMETHINC 5% Niacinamide + Moisture Sabi Beet Serum,bintang 5,V***a,1/26/2024
"pengiriman ke medan cepat, cuma sayangnya jasa pengirimannya kurir rekomendasi x, kdg bermasalah & nyasar. lebih baik diperhatikan kembali bekerjasama dengan jasa pengiriman yg seperti apa baiknya. karena untk ajukan komplain produk juga harus nunggu maksimal 7 hari, pembeli udh panik duluan dong klo paketnya malah nyampe ke rumah org yg ntah dmna tanpa ada kabar dari kurir, tau2 dibilang udh diterima pembeli.",SOMETHINC RESURRECT Multibiome Serum,bintang 5,V***a,1/26/2024
GATAL DAN PANAS BANGET GA BISA TIDUR. sudah tanya admin chat sblmnya keluhan muka saya dan direkomendasi in beli ini. cuma 1x pakai gatal banget. tengah malem bangun ga kuat sampe cuci muka lagi,SOMETHINC SKIN GOALS Moisture Silk Crem√®,bintang 1,H***n,1/26/2024
"Cepat banget nyampenya, pesan kemarin hari ini sudah datang aja üòÅ baru pertama kali pakai produk somethinc semoga cocok untuk wajahku dan bikin glowing. tipe kulitku berminyak",[DT] SOMETHINC Diamond Phyto Stem Cell Serum,bintang 5,M***a,1/26/2024
penipu,SOMETHINC 5% Niacinamide + Moisture Sabi Beet Serum,bintang 1,Nervy,1/26/2024
tipe kulitku berminyak masalah kulitku jerawat,[Tasya Farasya Approved] SOMETHINC Calm Down! Skinpair Moisturizer,bintang 5,A***a,1/26/2024
"saya belum coba lama produk nya, baru sekitar 2 hari tapi rasanya nyaman nyaman saja, admin fast respon, dan packaging ok, dibuatkan seolah barang premium",SOMETHINC 5% Niacinamide Barrier Serum,bintang 5,Saddam,1/26/2024
No review found,[FLASH SALE] SOMETHINC Low pH Gentle Jelly Cleanser,bintang 5,L***a,1/26/2024
"Mantapp barangnya sdh diterima yoooo, smoga berguna",SOMETHINC 10% Niacinamide + Moisture Sabi Beet Brightening Serum,bintang 5,T***o,1/26/2024
"Produk sesuai deskripsi, pack aman dan cepaat. Mantap",SOMETHINC [2 PCS] Paket Matte Perfection (HOOMAN Powder + BADASS),bintang 5,Anastasia,1/26/2024
Proses cepat. Pengiriman cepat. Produk sesuai. Terima kasih‚Ä¶,[FLASH SALE] SOMETHINC Holyshield! UV Watery Sunscreen Gel SPF 50+,bintang 5,V***n,1/26/2024
No review found,SOMETHINC THE NOBLES Eyeshadow Palette - Volume 1,bintang 5,A***a,1/26/2024
dapet harga 15rb yeaaaay!,SOMETHINC SRSLY Balancer Makeup Setting Spray,bintang 5,Mayang,1/26/2024
No review found,SOMETHINC Holyshield! Sunscreen Comfort Corrector Serum SPF 50+ PA++++,bintang 5,Lilis,1/26/2024
Packaging rapi dan niat Padahal cm beli 1 eyelinerüëç,SOMETHINC Velvet Sugar Kohl Waterproof Gel Eyeliner,bintang 5,d***i,1/26/2024
"baru coba semoga cocok shade Nina ini,kalau moisturizer nya sudah andalan banget tipe kulitku berminyak tipe kulitku kombinasi under tone kulitku netral",SOMETHINC [2 PCS] Perfect Combo Makeup Prep Kit,bintang 5,l***a,1/26/2024
"pas untuk tipe kulitku kombinasi, under tone kulitku warm",SOMETHINC HOOMAN Breathable Cushion Cover SPF 35 PA++++,bintang 4,A***a,1/26/2024
No review found,[Tasya Farasya Approved] SOMETHINC Calm Down! Skinpair Moisturizer,bintang 5,indah,1/26/2024
No review found,SOMETHINC ASAP Eyelash & Brow Treatment Serum - Serum Bulu Mata,bintang 5,indah,1/26/2024
No review found,SOMETHINC PEPTINOL Granactive Retinoid+Peptide Night Moisturizer Creme,bintang 5,indah,1/26/2024
barangnya sudah datang dengan selamat.. semoga cocok di kulit akuüòä,SOMETHINC Salmon DNA + Marine Collagen Elixir,bintang 5,indah,1/26/2024
dpt potongan harga plus dikasih bonus penjepit bulu mata. Terimakasih somethinc,[Tasya Farasya Approved] SOMETHINC Calm Down! Skinpair Moisturizer,bintang 5,Sari,1/26/2024
"Facial wash favorit, membersihkan dgn baik, tidak bikin kulit kering.",SOMETHINC Low pH Gentle Jelly Cleanser - Face Wash / Face Cleanser,bintang 5,A***a,1/26/2024
"Beli banyak 4 pcs murah satuan jadi 40ribuan, tapi sayang ED awal 2025 gak ada di deskripsi",SOMETHINC HANGOVER Voluminous Fiber Lash Smudgeproof Mascara,bintang 4,R***a,1/26/2024
"Beli banyak 4 pcs murah satuan jadi 40ribuan, tapi sayang ED awal 2025 gak ada di deskripsi",SOMETHINC HANGOVER Voluminous Fiber Lash Smudgeproof Mascara,bintang 4,R***a,1/26/2024
"barang diterima dengan baik, kurir cepat, dan terima kasih bonusnya.",[Tasya Farasya Approved] SOMETHINC Calm Down! Skinpair Moisturizer,bintang 5,r***u,1/26/2024
"Yeayyy finally, sampai juga. Packing aman dan rapih. Lumayan dapat potongan harga. Terima kasih sellerü•∞‚ù§Ô∏è",SOMETHINC Badass Breathable Full Coverage 12HR Serum Foundation,bintang 5,R***a,1/26/2024
"Aplikasinya mudah, ga mbleber dan ujungnya runcing. Warnanya jg jetblack. Love it!",SOMETHINC FOREVER STAY Waterproof Liquid Eyeliner,bintang 5,Desy,1/26/2024
tipe kulitku kombinasi,SOMETHINC Copy Paste Tinted Sunscreen SPF 40 PA++++,bintang 5,h***i,1/26/2024
sampenya cepet cuma seharii,SOMETHINC [2 PCS] Paket Best Seller Layering Serum,bintang 5,a***a,1/26/2024
"under tone kulitku cool, tipe kulitku kombinasi

Lipsticknya beneran transferproof, sangat matte dan light, recommended for daily use juga karena lumayan tahan
lama.

Sunscreennya berat untuk ukuran sunscreen tp lighter than foundie, finishingnya dewy dan coveragenya average. Easy to blend dan kalau udah set gak terlalu transfer.",SOMETHINC [2 PCS] Sheer Glam Makeup Kit (Tinted Sunscreen + Lipstick),bintang 5,N***i,1/26/2024
paket aman ga ada kerusakan,[Tasya Approved] SOMETHINC Holyshield! UV Watery Gel SPF 50+ PA++++,bintang 5,Rosdiana,1/26/2024
paket aman ga ada kerusakan,SOMETHINC Reset Gentle Micellar Cleansing Water,bintang 5,Rosdiana,1/26/2024
"kulit ku kering v zone dan minyakan di t zone semoga cocok ga bikin makin berminyak, soalnya sama cushion nya aku cocok bgt",SOMETHINC Copy Paste Tinted Sunscreen SPF 40 PA++++,bintang 5,F***a,1/25/2024
"Lagi diskon parahhh cus langsung belii karna emang bener bagus dan waterproof.. packaging nya keren aman bgt, padahal pensil aja gitu tapi kotak nya kek paket skincare üòÅüòÅ‚ú®‚ú®‚ú®",SOMETHINC FOREVER STAY Waterproof Liquid Eyeliner,bintang 5,R***a,1/25/2024
"si lokal yg okeeee, happy krn smua serum yg kupake cucok üòä",SOMETHINC Dark Spot Reducer Ampoule,bintang 5,S***a,1/25/2024
"si lokal yg okeeee, happy krn smua serum yg kupake cucok üòä",SOMETHINC Level 1% Encapsulated Retinol,bintang 5,S***a,1/25/2024
tipe kulitku berminyak tipe kulitku normal tipe kulitku kombinasi masalah kulitku kerutan tipe kulitku kering masalah kulitku jerawat masalah kulitku pori besar tipe kulitku sensitif,SOMETHINC [2 PCS] Paket Calm Down Series Skinpair Bubble Cleanser,bintang 5,Tya,1/25/2024
"Original 
Fast delivery 
Great packing",[Tasya Approved] SOMETHINC Holyshield! UV Watery Gel SPF 50+ PA++++,bintang 5,D***i,1/25/2024
baru mau nyoba hehe semoga cocok,SOMETHINC Holyshield! Sunscreen Comfort Corrector Serum SPF 50+ PA++++,bintang 5,m***a,1/25/2024
Blom dicoba smoga bagus,[FLASH SALE] SOMETHINC ACNE SHOT AC Overnight Treatment Spot Cream,bintang 5,E***a,1/25/2024
"Harga murah dpt 140k plus dapat Cashback 22rb.

Maa syaa Allah.",SOMETHINC [2 PCS] Paket Skincare Pilihan,bintang 5,A***a,1/25/2024
"Bagus sekali, suka banget
cocok di aku. Ada semriwing¬≤nya

Mana dapat harga murah lagi

Terimakasih sellerü´∂ü´∂ü´∂",SOMETHINC Ombrella Lip Totem Tint,bintang 5,Safeti,1/25/2024
thank you kak barangnya sudah sampai. terima kasih bonusnya,SOMETHINC 5% Niacinamide Barrier Serum,bintang 5,Faisal,1/25/2024
"cepat sampainya, packing aman banget",SOMETHINC AHA BHA PHA Peeling Solution,bintang 5,R***a,1/25/2024
barang sampai dgn baik,SOMETHINC Reset Gentle Micellar Cleansing Water,bintang 5,S***i,1/25/2024
waaaaaawww,SOMETHINC 5% Niacinamide + Moisture Sabi Beet Serum,bintang 5,David,1/25/2024
tipe kulitku sensitif masalah kulitku jerawat tipe kulitku kering,SOMETHINC [2 PCS] Paket Calm Down Series Skinpair R-Cover Cream,bintang 5,n***r,1/25/2024
"terbaik memang, tidak pernah gagal dari dlu",SOMETHINC IDOL BLURRY Soft Lip Matte - Lip Cream Matte,bintang 5,Silvi,1/25/2024
tipe kulitku sensitif,[FLASH SALE] SOMETHINC CERAMIC SKIN Saviour Moisturizer Gel,bintang 5,Nurhayati,1/25/2024
Bwneran baguuus,SOMETHINC Checkmatte Transferproof Lipstick,bintang 5,T***a,1/25/2024
"Barang sudah sampai, pengiriman cepat, pengemasan safety",SOMETHINC Calm Down! Skinpair Barrier Serum,bintang 5,P***i,1/25/2024
"Barang sudah sampai, pengiriman cepat, pengemasan safety",SOMETHINC Dark Spot Reducer Ampoule,bintang 5,P***i,1/25/2024
"Barang sudah sampai, pengiriman cepat, pengemasan safety",SOMETHINC 5% Niacinamide + Moisture Sabi Beet Serum,bintang 5,P***i,1/25/2024
mantap pengirimannya cepat. packing aman besar banget padahal isinya kecil dan didalamnya dilapis lg dengan bubble wrap.,"SOMETHINC AHA 7%, BHA 1%, PHA 3% Weekly Peeling Solution",bintang 5,Iwan,1/25/2024
warnanya bagus tahan lama. ringan di bibir,SOMETHINC Checkmatte Transferproof Lipstick,bintang 5,Aristi,1/25/2024
dapet gift penjepit bulu mata dan baguss. happyü§ç thanks somethinc,[Tasya Farasya Approved] SOMETHINC Calm Down! Skinpair Moisturizer,bintang 5,Feby,1/25/2024
Maaf tapi di saya masih luntur eyeliner nya.,SOMETHINC SCANDAL Waterproof Retractable Eyeliner,bintang 3,Veronica,1/25/2024
barang cepat sampai walaupun pesan nya malam dan barang nya sampai esok harinya,[DT] SOMETHINC 10% Niacinamide + Moisture Sabi Beet Brightening Serum,bintang 5,Archibal,1/25/2024
"Paket aman tdk pecah.
Lipstick shade soleyn jatuh nya coral sedikit coklat muda di saya. Texture kering harus pakai lipbalm dulu aebelum di swipe.
Bedak translucent menghaluskan texture kulit tapi tidak menutup noda bekas jerawat/pori2 memang fungsi nya lbh buat setting powder atau untuk yg benar2 natural tanpa warna",SOMETHINC [2 PCS] Clean Girl Makeup Starter Kit,bintang 5,D***y,1/25/2024
Good lahh,[DT] SOMETHINC Holyshield! Sunscreen Corrector Serum SPF 50+ PA++++,bintang 5,B***g,1/25/2024
No review found,SOMETHINC [3 PCS] Man Basic Skincare,bintang 5,a***a,1/25/2024
selalu berlangganan... mantap .. kulitku jadi kinclong.. jadi glowing sampe2 sekampung nyangka aku ini orang korea.,[FLASH SALE] SOMETHINC 5% Niacinamide + Moisture Sabi Beet Serum,bintang 4,Sutisna,1/25/2024
tipe kulitku berminyak,SOMETHINC 2% BHA Salicylic Acid Liquid Perfector,bintang 5,J***y,1/25/2024
Luber yang tengah,SOMETHINC Holiday Lip Tint Kit (Ombrella Lip Totem Tint),bintang 3,Puput,1/25/2024
"Paket aman cepat tiba. texture cepat meresap ada sedikit scent seperti bubble gum jadul.
tidak ada bekas greasy or white cast, tidak lengket.
krn sdg sale harga terjangkau worth to try buat test nyaman dipakai or not, biasamya pki sinscreen skinti*** yg lbh pricey",[FLASH SALE] SOMETHINC Holyshield! UV Watery Sunscreen Gel SPF 50+,bintang 5,D***y,1/25/2024
No review found,SOMETHINC SKIN GOALS Vita Propolis Glow Essence Toner,bintang 5,Fairuz,1/25/2024
No review found,SOMETHINC BEE POWER Propolis Glow Lip Serum,bintang 5,Fairuz,1/25/2024
No review found,[Tasya Farasya Approved] SOMETHINC Diamond Phyto Stem Cell Serum,bintang 5,Fairuz,1/25/2024
No review found,[Tasya Farasya Approved] SOMETHINC Diamond Phyto Stem Cell Serum,bintang 5,Fairuz,1/25/2024
No review found,SOMETHINC Calm Down! Skinpair Bubble Cleanser - Face Wash,bintang 5,Fairuz,1/25/2024
No review found,SOMETHINC SKIN GOALS Brightening Body Cr√®me,bintang 5,Fairuz,1/25/2024
No review found,SOMETHINC ASAP Eyelash & Brow Treatment Serum - Serum Bulu Mata,bintang 5,Fairuz,1/25/2024
"sementara fotonya, setelah pemakaian 1 bulan semoga masih dikasih kesempatan update review hasilnya. soalnya biasa cuma pakai yang skin barrier nya somethinc, tapi karena 1 bulan penuh kemarin rutin olahraga di luar jadinya kok kusam. jadi ini pertama coba serum dari dunia perputihan ü§£ü§≠",SOMETHINC [3 PCS] SKIN SOLVER Kulit Cerah Glowing Maksimal Kit,bintang 5,Fairuz,1/25/2024
"packing rapih & aman, proses pengiriman cepat, barang2nya dalam kondisi baik. Belum dicoba, semoga cocok & hasilnya bagus",SOMETHINC [2 PCS] Double Toning Kulit Bebas Breakout,bintang 5,a***r,1/24/2024
Thank You. üòÉ,SOMETHINC IDOL BLURRY Soft Lip Matte - Lip Cream Matte,bintang 5,erwin,1/24/2024
"kalo ini udh pernah pake sebelumnya dan cocok2 aja sih, thanks seller",SOMETHINC Calm Down! PHA 3% Soothing Everyday Toner,bintang 5,Angelica,1/24/2024
"ini juga baru mau coba, semoga cocok, thanks seller",SOMETHINC Salmon DNA + Marine Collagen Elixir,bintang 5,Angelica,1/24/2024
"baru mau coba, semoga cocok",[Tasya Approved] SOMETHINC Holyshield! UV Watery Gel SPF 50+ PA++++,bintang 5,Angelica,1/24/2024
No review found,SOMETHINC Revive Potion 3% Arbutin + Bakuchiol,bintang 5,Angelica,1/24/2024
Sip,[Tasya Farasya Approved] SOMETHINC Diamond Phyto Stem Cell Serum,bintang 5,l***a,1/24/2024
Waterproof dan tahan lama,SOMETHINC FOREVER STAY Waterproof Liquid Eyeliner,bintang 5,Wenty,1/24/2024
Ringan. Masih transfer walopun udah pake setting spray. Setelah botol dikocok isinya suka beleberrr. Shade bijoux ini versatile sekali ternyata,SOMETHINC Copy Paste Tinted Sunscreen SPF 40 PA++++,bintang 5,P***t,1/24/2024
tipe kulitku kombinasi,SOMETHINC [2 PCS] SKIN SOLVER Bebas dari Bekas Jerawat Kit,bintang 5,N***a,1/24/2024
tipe kulitku normal,SOMETHINC 5% Niacinamide Barrier Serum,bintang 5,N***a,1/24/2024
"tipe kulitku kombinasi, somethinc bagus tapi isinya ga penuh. kedepannya semoga kagak ya ini kayak ga 100ml",[FLASH SALE] SOMETHINC Low pH Gentle Jelly Cleanser,bintang 4,Muthia,1/24/2024
"belum pernah nyoba yg hooman, smg cocok dikulit",SOMETHINC (REFILL) Hooman Breathable UV Cushion Cover SPF35 PA++++,bintang 4,D***a,1/24/2024
"Pacaking super baik
Pengiriman super cepat
Product super oke plus dpt harga diskon",SOMETHINC Checkmatte Transferproof Lipstick,bintang 5,Vibry,1/24/2024
"Tekstur: kental bukan yg cair gitu, wangi permen karet suguss tapi ttp enak ga menyengat, kinerja produk belum terlalu terasa, baru pemakaian 2 minggu tipe kulitku kering",[Tasya Farasya Approved] SOMETHINC Diamond Phyto Stem Cell Serum,bintang 5,A***i,1/24/2024
"baru mo nyoba hangover mascara nya.moga sesuai dgn harapan aku ya..
kl omega butter nya emng best",SOMETHINC [2 PCS] Hangover Mascara x Omega Butter Deep Cleansing Balm,bintang 5,m***h,1/24/2024
"ini eyeliner gel pencil yg bener2 kecintaan aku.bener2 awet biar d pake seharian ,udh kena wudhu dll ttp on..secinta ituu",SOMETHINC SCANDAL Waterproof Retractable Eyeliner,bintang 5,m***h,1/24/2024
"Udah di kecewain sama pembelian yg lalu, akhirnya paket yg sekarang sesuai dikirim free nyaa!!!",SOMETHINC [5 PCS] Paket Lengkap Acnedot Series,bintang 5,R***i,1/24/2024
tipe kulitku berminyak masalah kulitku pori besar,SOMETHINC HYALuronic9+ Advanced + B5 Serum,bintang 5,D***a,1/24/2024
"tipe kulitku sensitif, tapi cocok pakai ini, nyaman dan enak digunakan",[DT] SOMETHINC Holyshield! Sunscreen Corrector Serum SPF 50+ PA++++,bintang 5,alif,1/24/2024
"Salah satu sunscreen favorit, cukup lama jadi incaran, selain real spf, gak bikin whitecast buat kulit muka cowok, ada sensasi dinginnya juga.",[Tasya Approved] SOMETHINC Holyshield! UV Watery Gel SPF 50+ PA++++,bintang 5,Luhur,1/24/2024
tipe kulitku berminyak tipe kulitku kering tipe kulitku kombinasi tipe kulitku normal tipe kulitku sensitif masalah kulitku jerawat masalah kulitku kerutan masalah kulitku pori besar,SOMETHINC [2 PCS] SKIN SOLVER Kulit Cerah Bebas Kerutan Kit,bintang 5,Tantry,1/24/2024
"ringan, warnanya gelap, bagus, sesuai pesanan, tapi gk senempel itu ternyata di bibir aku",SOMETHINC Checkmatte Transferproof Lipstick,bintang 4,Indira,1/24/2024
bagus tahan lama trus waterproof bakal beli lagi sih kalo habis ahahhaa,SOMETHINC HANGOVER Voluminous Fiber Lash Smudgeproof Mascara,bintang 5,D***a,1/24/2024
"pengirimannya cepat euyy, top bangetttttt",SOMETHINC HYALuronic9+ Advanced + B5 Serum,bintang 5,s***o,1/24/2024
Baru mau coba semoga cocok.,SOMETHINC Holyshield! Sunscreen Comfort Corrector Serum SPF 50+ PA++++,bintang 5,F***a,1/24/2024
"alhamdulillah cepat prosesnya, br mau coba produknya mudah2an cck bt wajah aq yg lagi bruntusan, makasi seller dapet bonus cermin luccu.. tipe kulitku kombinasi",SOMETHINC [4 PCS] Paket Lengkap Calm Down Series,bintang 5,Nur,1/24/2024
"Hurayyy, sudah ada fitur Ambil di Tempat jadi ngga perlu ribet ribet lagi buat ganti alamat ke Raja Ampatüéâü•≥",SOMETHINC - Nakama Beauty Bazaar 2024 - (MAKEUP),bintang 5,Claudia,1/24/2024
tipe kulitku kering under tone kulitku cool,SOMETHINC (REFILL) COPY PASTE BREATHABLE MESH CUSHION SPF 33 PA++,bintang 5,S***a,1/24/2024
pembeluan pertama....mudah2an sesuai dengan deskripsi,SOMETHINC [3 PCS] Layering Serum Diamond + Moisturizer,bintang 5,Semeru,1/24/2024
"Beli ini krn sering bgt liat review beauty influencers, dan emg sebagus ituu! pagi pakai cushion nya dlu, siang nya touch up pake ini. purrrrfect! 
btw skin type aku combination, undertone nya cool",[PRE-ORDER] SOMETHINC Copy Paste Tinted Sunscreen SPF 40 PA++++,bintang 5,R***y,1/24/2024
tipe kulitku kombinasi masalah kulitku pori besar. first try ini semoga cocok üòÑ. packing nya aman kotaknya besar padahal isinya satu serum aja,SOMETHINC AHA BHA PHA Peeling Solution,bintang 5,paw,1/24/2024
No review found,SOMETHINC Badass Breathable Full Coverage 12HR Serum Foundation,bintang 5,S***i,1/24/2024
No review found,SOMETHINC HOOMAN Breathable Cushion Cover SPF 35 PA++++,bintang 5,S***i,1/24/2024
Matt tp gak kering. Smooth bgt.,SOMETHINC HOOMAN UNDER CONTROL HD Blur Loose Powder,bintang 5,A***a,1/24/2024
Ringan gampang diblend! Cocok buat daily,SOMETHINC Copy Paste Tinted Sunscreen SPF 40 PA++++,bintang 5,A***a,1/24/2024
"Alhamdulilah sampe dgn aman, baru sekali pake langsung terasa kenyal, meresap dgn sempurna.. moga cocok",SOMETHINC 10% Niacinamide + Moisture Sabi Beet Brightening Serum,bintang 5,Yuanita,1/24/2024
bagus bgt!!!!,SOMETHINC Checkmatte Transferproof Lipstick,bintang 5,puu,1/24/2024
Bagus banget untuk bersihin muka apalagi kalau habis pakai make-up yang super tebal. Pakai ini muka berasa bersih banget dan setelahnya terasa halus dan glowing. Warna kemasannya juga lucu banget. Thanks seller,SOMETHINC Omega Butter Deep Cleansing Balm,bintang 5,D***i,1/24/2024
"Barang sampai dengan aman. Cuma di aku agak ke abu2an dikit, tp masih bisa ditoleransi. Thx ya",[FLASH SALE] SOMETHINC Holyshield! Sunscreen Corrector Serum SPF 50+ ,bintang 5,intan,1/24/2024
"ga cocok, di wajahku jadi bruntusan+jerawat bermunculan.",SOMETHINC Low pH Gentle Jelly Cleanser - Face Wash / Face Cleanser,bintang 1,Nabilah,1/23/2024
di wajahku bikin timbul bruntusan,[Tasya Farasya Approved] SOMETHINC Calm Down! Skinpair Moisturizer,bintang 1,Nabilah,1/23/2024
tipe kulitku berminyak,SOMETHINC [5 PCS] Paket Lengkap Acnedot Series,bintang 5,sui,1/23/2024
No review found,SOMETHINC GAME CHANGER Tripeptide Eye Concentrate Gel,bintang 3,l***a,1/23/2024
No review found,[DT] SOMETHINC Diamond Phyto Stem Cell Serum,bintang 5,ida,1/23/2024
"packing rapih, smoga cocok.. .kurir bl√†√ßk list",SOMETHINC PEPTINOL Granactive Retinoid+Peptide Night Moisturizer Creme,bintang 5,h***i,1/23/2024
"praktis cocok untuk satu keluarga, nyaman buat yg muda dan yg tua",SOMETHINC 350ml Low pH Gentle Jelly Cleanser - Face Wash,bintang 5,a***i,1/23/2024
"ini pembelian ketiga (klo ga salah). overall utk kasiatnya lmyn ok (not impressive, but ok). menghidrasi undereye dgn baik. yg disayangkan.. kualitas kemasan kurang bagus. saya ga merasa simpan sembarangan tp bagian tutupan pecah dgn sendirinya. pertama kali beli kirain saya yg ceroboh mgkn sempet ngejatohin, tp setelah setiap pembelian selalu pecah/retak.. kayaknya memang kualitas plastiknya yg kurang bagus. 
semoga bisa diperbaiki menjadi lbh kuat.",SOMETHINC GAME CHANGER Tripeptide Eye Concentrate Gel,bintang 4,Petra,1/23/2024
"pengiriman nya cepet bgt,  baru mau cobaaa tp somethic ga meragukan si",SOMETHINC HANGOVER Voluminous Fiber Lash Smudgeproof Mascara,bintang 5,s***a,1/23/2024
tipe kulitku kering,SOMETHINC Low pH Gentle Jelly Cleanser - Face Wash / Face Cleanser,bintang 5,Darti,1/23/2024
"Meskipun mesennya telat (waktu hari libur), tapi seller gercep ngirimnya",[FLASH SALE] SOMETHINC Low pH Gentle Jelly Cleanser,bintang 5,omar,1/23/2024
"barang bagus, sesuai ekspektasi",SOMETHINC FOREVER STAY Waterproof Liquid Eyeliner,bintang 5,natasya,1/23/2024
"barang sudah sampai, bagus sesuai ekspektasi",SOMETHINC HANGOVER Voluminous Fiber Lash Smudgeproof Mascara,bintang 5,natasya,1/23/2024
"Wangi mint, awet.",SOMETHINC Checkmatte Transferproof Lipstick,bintang 5,Asti,1/23/2024
barang nya ok tp kenapa pengiriman nya lama banget :( makasih ya,SOMETHINC Holiday Lip Tint Kit (Ombrella Lip Totem Tint),bintang 5,S***a,1/23/2024
Bikin kulit jadi moist seharian. Aku pakai setelah pakai make up. Ok bgt ini.,SOMETHINC VITA PROPOLIS Hydra Power Mist,bintang 5,Yunita,1/23/2024
barang sampai dg bagus,SOMETHINC 350ml Low pH Gentle Jelly Cleanser - Face Wash,bintang 5,L***s,1/23/2024
tipe kulitku berminyak,SOMETHINC [2 PCS] Exclusive Beautifully Skinpair Kit,bintang 5,Rohani,1/23/2024
udah 2 tahun ini pake somethinc. so far suka sih sama copy paste!,SOMETHINC (REFILL) COPY PASTE BREATHABLE MESH CUSHION SPF 33 PA++,bintang 5,Fararine,1/23/2024
udah repeat order sih ini. so far ok ok aja. bagus,SOMETHINC Omega Butter Deep Cleansing Balm,bintang 5,Fararine,1/23/2024
"Sebelum check out tentukan warna dengan filter IG official account, pastikan pencahayaan baik. Lightweight (ringan di wajah), oksidasi minim, nyatu dengan warna kulit, light coverage. Dipakai wudhu luntur, tapi menurut saya wajar karena sunscreen biasanya juga butuh reapply.",SOMETHINC Copy Paste Tinted Sunscreen SPF 40 PA++++,bintang 5,Dinda,1/23/2024
tipe kulitku sensitif tipe kulitku berminyak,SOMETHINC [2 PCS] Makeup Starter Kit (Tinted Sunscreen + Loose Powder),bintang 5,T***i,1/23/2024
tipe kulitku kombinasi,SOMETHINC HOOMAN UNDER CONTROL HD Blur Loose Powder,bintang 5,Rotua,1/23/2024
"niacinemade membantu mencerahkan kulit,, biar gk kusam üòçüòç tipe kulitku normal",SOMETHINC 10% Niacinamide + Moisture Sabi Beet Brightening Serum,bintang 5,Rosidah,1/23/2024
"barang diterima dalam kondisi baik, produk tersegel, belum dicoba.",SOMETHINC PEPTINOL Granactive Retinoid+Peptide Night Moisturizer Creme,bintang 5,U***i,1/23/2024
"belum dicoba, semoga cocok",SOMETHINC SOS Bakuchiol Electrolyte Rich Moisturizer Silk Creme,bintang 5,U***i,1/23/2024
"belum dicoba, untuk tipe kulit berminyak",SOMETHINC Hylapore Away Solution,bintang 5,U***i,1/23/2024
tipe kulitku berminyak,SOMETHINC [2 PCS] Paket Best Seller Layering Serum,bintang 5,Fani,1/23/2024
tipe kulitku berminyak masalah kulitku jerawat masalah kulitku pori besar tipe kulitku sensitif,SOMETHINC [5 PCS] Paket Lengkap Acnedot Series,bintang 5,I***i,1/23/2024
packaging aman bgt pakai kardus,SOMETHINC Alpha Squalaneoxidant Deep Cleansing Oil,bintang 5,w***i,1/23/2024
"cocok, packaging aman bgt pakai kardus",SOMETHINC Low pH Gentle Jelly Cleanser - Face Wash / Face Cleanser,bintang 5,w***i,1/23/2024
"sip, coba warna hayg, savage cocok buat kulit medium buat sehari2, makasih ya üëçüèΩ",SOMETHINC Ombrella Lip Totem Tint,bintang 5,N***n,1/23/2024
"tipe kulitku sensitif,kalau pake ini gak bikin iritasi. Aman banget",SOMETHINC Toner Series,bintang 5,Aulia,1/23/2024
Isi serum nya gak fulll sedikit banget.. üôÑ,"SOMETHINC [4 PCS] Best of The Best, Acne, and Brightening Travel Kit",bintang 4,Elle,1/23/2024
pengiriman lumayan. packing rapih dan aman. produk mantap . jerawat punggung langsung kering.,SOMETHINC Bacne 1% Biosalicylic Spray,bintang 5,Nely,1/23/2024
bagus banget warnanya keluar pas dipake cocok bgt buat kulit kyk aku,SOMETHINC Mademoiselle Soft Focus Powder Blush,bintang 5,kireyna,1/23/2024
packing aman. barang ok. jerawat di punggung hilang. sensasi dingin nya juga enak bgt.,SOMETHINC Bacne 1% Biosalicylic Spray,bintang 5,Nely,1/23/2024
"Agak kecewa kenapa exp di produk terhapus, dimana brand ini termasuk besar gk mungkin ada kesalah seperti ini. Gak suudzon sih exp di produk dengan di kemasan berbedaüôÇ
Untuk keaslian produk saya percaya, namun dapat dipastikan apakah produk expired atau belum apakah dapat dipastikan? 
Mohon untuk lebih diperhatikan dan teliti kedepannya",[DT] SOMETHINC Calm Down! Skinpair R-Cover Cream,bintang 2,W***u,1/23/2024
bagus toner nya..,SOMETHINC GLOW MAKER AHA BHA PHA Clarifying Treatment Toner,bintang 5,Asri,1/23/2024
"pengemasan oke, pengiriman cepat, belum dicoba tp semoga cocok",[FLASH SALE] SOMETHINC 5% Niacinamide + Moisture Sabi Beet Serum,bintang 5,novi,1/23/2024
masalah kulitku jerawat tipe kulitku sensitif masalah kulitku pori besar,SOMETHINC Calm Down Series - Skincare Kulit Ngamuk dan Sensitif,bintang 5,Eka,1/23/2024
Akhirnya nyobain juga yg lagi viral. Fiks emang sebagus itu sih.. Shade Nina cocok di kulit ku yang light medium. Checkmatte Joker juga bagus banget asli ringan tahan lama juga üòò,SOMETHINC [2 PCS] Sheer Glam Makeup Kit (Tinted Sunscreen + Lipstick),bintang 5,Y***a,1/23/2024
"waah dapat potongan harga, bonus penjepit mata juga alhamdulillah
terimakasih....",[Tasya Farasya Approved] SOMETHINC Calm Down! Skinpair Moisturizer,bintang 5,Mila,1/23/2024
No review found,SOMETHINC SKIN GOALS Brightening Body Cr√®me,bintang 5,Didit,1/23/2024
Cocok untuk kulit saya.,SOMETHINC 60% Vita Propolis + Bee Venom Glow Serum,bintang 5,Didit,1/23/2024
Sesuai pesanan. Cocok di kulit saya.,SOMETHINC SKIN GOALS Vita Propolis Glow Essence Toner,bintang 5,Didit,1/23/2024
Sesuai pesanan. Jerawat di punggung sudah berkurang.,SOMETHINC [2 PCS] Punggung Kinclong Kit,bintang 5,Didit,1/23/2024
Andalan kalau keluar siang-siang.,SOMETHINC Holyshield! Sunscreen Shake Mist SPF46 PA+++,bintang 5,Didit,1/23/2024
"Produk sesuai deskripsi, teksturnya haluus, efektif menahan minyak di muka, menutup pori2. Awal dipakai memang kelihatan kurang blend/agak dempul tp bbrp saat kemudian bisa ngeblend dengan baik sekali sampai sore. Pengiriman diproses cepat. Menurut sy sedikit kekurangan di packaging, lubang bedaknya terlalu besar dibanding sponsnya sehingga kl ambil bedaknya dgn cara dibalik agak berceceran di sekelilingnya. Overall bagus dan akan repurchase.",SOMETHINC HOOMAN UNDER CONTROL HD Blur Loose Powder,bintang 5,Y***i,1/23/2024
"Fast response, on time delivery",[Tasya Farasya Approved] SOMETHINC Diamond Phyto Stem Cell Serum,bintang 5,Gita,1/23/2024
blm.coba.semoga cocok,SOMETHINC [4 PCS] Paket Brightening Kulit Cerah,bintang 5,Juli,1/23/2024
tipe kulitku berminyak masalah kulitku pori besar,[FLASH SALE] SOMETHINC Calm Down! Skinpair Moisturizer - 30ml,bintang 5,O***y,1/23/2024
semoga cocok n makasih bonusnya,[Tasya Farasya Approved] SOMETHINC Calm Down! Skinpair Moisturizer,bintang 5,Yunita,1/23/2024
tipe kulitku kering,[Tasya Approved] SOMETHINC Holyshield! UV Watery Gel SPF 50+ PA++++,bintang 5,D***n,1/23/2024
tipe kulitku kering,SOMETHINC Calm Down Series - Skincare Kulit Ngamuk dan Sensitif,bintang 5,D***n,1/23/2024
keren bangett.. warna liptintnya kurang cocok di aku ehehe,"SOMETHINC [3 PCS] Blushin' Cheek Makeup Set - (Cushion, Blush, Lip)",bintang 5,E***a,1/23/2024
No review found,SOMETHINC SRSLY Balancer Makeup Setting Spray,bintang 5,E***a,1/23/2024
tipe kulitku berminyak,SOMETHINC (REFILL) COPY PASTE BREATHABLE MESH CUSHION SPF 33 PA++,bintang 5,T***a,1/23/2024
Ampuh! Suka deh,SOMETHINC Acne Shot AC Spot Gel,bintang 5,Putri,1/23/2024
"Emang bikij calming bangettt, apalagi kulitku super kering akhir2 iniii",[FLASH SALE] SOMETHINC Calm Down! Skinpair Moisturizer - 30ml,bintang 5,Eliza,1/23/2024
tipe kulitku berminyak,SOMETHINC 10% Niacinamide + Moisture Sabi Beet Brightening Serum,bintang 5,Yudha,1/23/2024
"Tiba dgn aman dan cpt.
Serum thick terasa padat tapi cepat menyerap tidak berminysk ada sedikit wangi tipis fruity.
pelembab ringan cpt menyerap fragrance free.
sepertinya ok untuk oily skin,",SOMETHINC [2 PCS] Paket Skincare Pilihan,bintang 5,D***y,1/23/2024
tipe kulitku berminyak tipe kulitku kering,[Tasya Farasya Approved] SOMETHINC Diamond Phyto Stem Cell Serum,bintang 5,Lukyta,1/23/2024
bener gak perih dimata,SOMETHINC ASAP Eyelash & Brow Treatment Serum - Serum Bulu Mata,bintang 5,Ade,1/23/2024
Bagus. Makasih yaüòç,SOMETHINC HANGOVER Voluminous Fiber Lash Smudgeproof Mascara,bintang 5,c***a,1/23/2024
tipe kulitku berminyak tipe kulitku kering tipe kulitku sensitif,SOMETHINC [3 PCS] Paket Calm Down Series,bintang 5,N***y,1/23/2024
"baru mau coba, semoga cocok tipe kulitku kombinasi masalah kulitku jerawat",[FLASH SALE] SOMETHINC Low pH Gentle Jelly Cleanser,bintang 4,A***n,1/23/2024
tipe kulitku kering,SOMETHINC HYALuronic9+ Advanced + B5 Serum,bintang 5,Y***a,1/23/2024
"Packaging super aman tapi sayang ga dapat bonusnya, mungkin lupa sellernya",[Tasya Farasya Approved] SOMETHINC Calm Down! Skinpair Moisturizer,bintang 4,Aryo,1/23/2024
"barang sudah sampai,cocok untuk kulitku yg berminyak",[FLASH SALE] SOMETHINC 5% Niacinamide + Moisture Sabi Beet Serum,bintang 4,P***o,1/23/2024
"Barusan coba swatch untuk lihat shades-nya dan warna coklatnya bagus deh. Cukup terang dan pigmented, walaupun sepertinya kurang waterproof krn td cukup mudah dihapus. Thank you, Somethinc, Tokopedia dan babang GTL üòáüôèüèªüíï",SOMETHINC BROW WIZ Retractable Eyebrow,bintang 5,A***e,1/23/2024
Paket telah diterima dengan baik. Packaging baik. Produk ok,[Tasya Farasya Approved] SOMETHINC Calm Down! Skinpair Moisturizer,bintang 5,Wicaksono,1/23/2024
"Kualitas manyap bro
Tekstur mantaps",SOMETHINC ACNEDOT Treatment Low pH Cleanser,bintang 5,berber,1/23/2024
okeee,SOMETHINC WAKE ME UP HD Blur Full High Coverage Concealer,bintang 5,R***A,1/23/2024
terima kasih sdh diterima dgn baik dan cocok..,SOMETHINC Copy Paste Tinted Sunscreen SPF 40 PA++++,bintang 5,Yati,1/23/2024
cocok untuk kulit ku,SOMETHINC HOOMAN Breathable Cushion Cover SPF 35 PA++++,bintang 5,A***n,1/23/2024
tipe kulitku berminyak dan loose powder ini bantu nahan minyak banget,SOMETHINC HOOMAN UNDER CONTROL HD Blur Loose Powder,bintang 5,f***a,1/23/2024
mantap,[Tasya Approved] SOMETHINC Holyshield! UV Watery Gel SPF 50+ PA++++,bintang 5,D***h,1/23/2024
"tipe kulitku berminyak tipe kulitku sensitif tipe kulitku kombinasi masalah kulitku pori besar

cuma perasaanku ajj atau emg skrg formulanya jd cair bget ya? perasaan punyaku yg botol sblomnya merah bget dan agak kentel. tp yg ini aku beli skrg koq jd cair bget? ditetesin k muka jg lgsg ngalir jatuh k bwh wkwk. dan warnanya jg gk merah bget, mlah agak pink gitu.",SOMETHINC AHA BHA PHA Peeling Solution,bintang 4,Z***a,1/23/2024
"Honestly baunya agak kurang suka, tapi kayanya cocok2 aja deh dimuka. Terima kasih",[DT] SOMETHINC Low pH Gentle Jelly Cleanser,bintang 5,I***e,1/23/2024
"Suka banget ama cushionnya, sampe beli refillnya terusü´∞",SOMETHINC (REFILL) Hooman Breathable UV Cushion Cover SPF35 PA++++,bintang 5,R***a,1/23/2024
"BAGUS BANGET üòç
Mukaku berminyak, dengan harga segini cukup nahan minyakku (aku pake acara wisuda seharian lanjut acara gereja sampe malem)
Ga se-matte itu tapi ga kinclong kek kilang minyak hehe ‚ù§Ô∏è
Recommended üëå
*niatnya beli yang besar aja, eh ternyata ada diskon kalo nambah, jadi tambah yang kecil hehe :3 lumayan masuk tas*",SOMETHINC SRSLY Balancer Makeup Setting Spray,bintang 5,Theodora,1/23/2024
always repurchase,SOMETHINC 5% Niacinamide + Moisture Sabi Beet Serum,bintang 5,I***n,1/23/2024
"beli krna ada voucher, bagus bgt, cepet pengirimannya, dapet eyelash curler gratiss",[Tasya Farasya Approved] SOMETHINC Calm Down! Skinpair Moisturizer,bintang 5,Windy,1/23/2024
baguss bangettt...makasih kak,SOMETHINC SCANDAL Waterproof Retractable Eyeliner,bintang 5,deviria,1/23/2024
pengirimann cepattt.  makasih kak,SOMETHINC Low pH Gentle Jelly Cleanser - Face Wash / Face Cleanser,bintang 5,deviria,1/23/2024
"Beli 2 botol. Kedua botolnya rusak. Yg 1 pump nya keras, susah saat diteken. Yg 1 lagi  bisa diteken, tapi gak mau kluar foamnya. Akhirnya tuang cairan sabun ke tangan, ribet",SOMETHINC Calm Down! Skinpair Bubble Cleanser - Face Wash,bintang 3,Natalia,1/23/2024
tipe kulitku berminyak tipe kulitku sensitif tipe kulitku kombinasi masalah kulitku jerawat,SOMETHINC GLOW MAKER AHA BHA PHA Clarifying Treatment Toner,bintang 5,J***a,1/23/2024
mantap,SOMETHINC Low pH Gentle Jelly Cleanser - Face Wash / Face Cleanser,bintang 5,K***n,1/23/2024
"baru mau nyobain loose powder somethinc karena dapat rekomendasi dari cici saya, semoga cocok ya",SOMETHINC HOOMAN UNDER CONTROL HD Blur Loose Powder,bintang 5,n***h,1/23/2024
"Packing super aman biarpun bli yg seri imutnya.. Siap brangkat traveling, tetep bs skin care-an tnp bw yg gede¬≤ üëçüëç","SOMETHINC [4 PCS] Best of The Best, Acne, and Brightening Travel Kit",bintang 5,c***a,1/23/2024
"tipe kulitku berminyak, sebulan pemakaian dah ada perubahan jujur ini beli kedua kalinya‚ò∫Ô∏è",SOMETHINC 10% Niacinamide + Moisture Sabi Beet Brightening Serum,bintang 5,G***a,1/23/2024
"tipe kulitku kombinasi, semoga cocok, yg sdh pernah dipakai dan masih dipakai oil serum bakuchiol. hasilnya ok",SOMETHINC Revive Potion 3% Arbutin + Bakuchiol,bintang 4,n***i,1/23/2024
Pengiriman cepat dan packing aman. Beli karena rekomendasi teman. Semoga cocok juga.,SOMETHINC Alpha Squalaneoxidant Deep Cleansing Oil,bintang 5,E***Y,1/23/2024
makasiiii dapat gift,[Tasya Farasya Approved] SOMETHINC Calm Down! Skinpair Moisturizer,bintang 5,chatarina,1/23/2024
Masa expired di bulan Agustus 2024 cepat sekali,SOMETHINC UNSTOPPABLE 25 Pro Eyeshadow Palette,bintang 4,L***a,1/23/2024
tipe kulitku kering tipe kulitku normal,SOMETHINC HYALuronic9+ Advanced + B5 Serum,bintang 5,Kristinarini,1/23/2024
tipe kulitku kombinasi tipe kulitku sensitif masalah kulitku jerawat,SOMETHINC HYALuronic9+ Advanced + B5 Serum,bintang 5,m***e,1/23/2024
Pelembab kasih sensai nyaman di wajah dan buat efek glowing juga,[Tasya Farasya Approved] SOMETHINC Calm Down! Skinpair Moisturizer,bintang 5,N***a,1/23/2024
Serumnya bagus di mukaku. Engga lengket dan bikin muka makin glowing,SOMETHINC 10% Lactic + Glycolic Peeling Serum,bintang 5,N***a,1/23/2024
Lipstik faforit baru. Baru beli pertama kali dan langsung jatuh cinta.,SOMETHINC Checkmatte Transferproof Lipstick,bintang 5,N***a,1/23/2024
Spatulanya ngebantu banget buat aplikasi pelembab dan cantik banget,SOMETHINC Exclusive Spatula Makeup,bintang 5,N***a,1/23/2024
"Sunscreen. enak dipakai, enggak lengket, ringan, cepat kering",[Tasya Approved] SOMETHINC Holyshield! UV Watery Gel SPF 50+ PA++++,bintang 4,N***a,1/23/2024
aaa bagus bgtt warnanyaa tahan lamaa sukakkkü§çü§çü§ç,SOMETHINC Checkmatte Transferproof Lipstick,bintang 5,a***t,1/23/2024
thanks,[FLASH SALE] SOMETHINC Holyshield! UV Watery Sunscreen Gel SPF 50+,bintang 5,H***h,1/23/2024
"cocok pakai produk ini tp pas order malah direfund ,produknya ga sampe ga tau kemana üò≠",SOMETHINC 10% Lactic + Glycolic Peeling Serum,bintang 5,didin,1/23/2024
üôÜüèª‚Äç‚ôÄÔ∏èüôÜüèª‚Äç‚ôÄÔ∏è,SOMETHINC [2 PCS] SKIN SOLVER Bebas Breakout dan Bruntusan Kit,bintang 5,s***a,1/23/2024
thanks.,[FLASH SALE] SOMETHINC 5% Niacinamide + Moisture Sabi Beet Serum,bintang 5,H***h,1/23/2024
tipe kulitku kombinasi,SOMETHINC AHA BHA PHA Peeling Solution,bintang 5,G***d,1/23/2024
tipe kulitku kombinasi,SOMETHINC Holyshield! Sunscreen Comfort Corrector Serum SPF 50+ PA++++,bintang 5,G***d,1/23/2024
"aaaaaaaa  bagus warnanya, pertama beli yg grandmaster. mumpung promo",SOMETHINC Checkmatte Transferproof Lipstick,bintang 5,H***N,1/23/2024
Bahannya ringan dan mudah meresap di kuliat aku yang kombinasi cenderung kering ini,SOMETHINC [2 PCS] Paket Skincare Pilihan,bintang 5,D***a,1/23/2024
"serum andalan ku selalu, ga pernah mengecewakan as always",[FLASH SALE] SOMETHINC DIAMOND PHYTO Stem Cell Serum,bintang 5,I***y,1/23/2024
tipe kulitku berminyak,SOMETHINC 10% Niacinamide + Moisture Sabi Beet Brightening Serum,bintang 5,Andy,1/23/2024
ekspedisi rekomendasi dari tokped sangat lama dan slowresp. status tidak update,[FLASH SALE] SOMETHINC Calm Down! Skinpair Moisturizer - 30ml,bintang 2,z***d,1/23/2024
well received thanks,SOMETHINC CERAMIC SKIN Saviour Moisturizer Gel,bintang 5,Sapta,1/23/2024
"Aku yakin produknya bagus, tapi tolong selevel Official Store brand kok cuma begini packingnya? Kan bisa aja itu dicongkel boxnya. Setidaknya beri plastik / bubble wrap lagi di bagian luarnya mengingat saat ini musim hujan bisa kena rembesan air kalau cuma box aja. Semoga bisa jadi masukan ya untuk tim Somethinc. Terima kasih üôè",SOMETHINC GLOW MAKER AHA BHA PHA Clarifying Treatment Toner,bintang 5,I***a,1/23/2024
gampang patah. hemmmmm enakan lipcream jadi aman aman aja,SOMETHINC Checkmatte Transferproof Lipstick,bintang 2,Gomez,1/23/2024
"udah langganan somethinc lama, habis checkout bundle buy1 get1 free silk creme,ternyata yg dikirim hanya serum,bonus nggak dikirim dgn alasan karena dilayani Tokopedia (pdhl itu otomatis,g bisa pilih). and trus order serum lagi berharap kekurangannya bisa dikirim. kecewa banget kalo nggak bisa dikirim. semoga bisa.",[Tasya Farasya Approved] SOMETHINC Diamond Phyto Stem Cell Serum,bintang 1,Putri,1/23/2024
"Pertama kali nyoba tinted sunscreen, mudah2an cocok dan gak oksidasi sesuai klaimnya. Packing aman kardus ditambah bubble wrap tebel. Mantappp",SOMETHINC [2 PCS] Makeup Starter Kit (Tinted Sunscreen + Loose Powder),bintang 5,r***a,1/23/2024
"sesuai pesanan, packing ok, smoga cocok.. tks to seller n tokped..!",SOMETHINC ASAP Eyelash & Brow Treatment Serum - Serum Bulu Mata,bintang 5,D***i,1/23/2024
"Aman, sesuai pesanan",SOMETHINC Level 1% Encapsulated Retinol,bintang 5,D***a,1/23/2024
cepet bgt sampainyaaa the bestt thank you,[Tasya Approved] SOMETHINC Holyshield! UV Watery Gel SPF 50+ PA++++,bintang 5,Mutia,1/23/2024
"OEKK DPT GRATISAN EYELASH CURLER BZIER sedikit tifak menyangka, lofyuu somethinc üòòüòòüëâüëà",[Tasya Farasya Approved] SOMETHINC Calm Down! Skinpair Moisturizer,bintang 4,R***a,1/23/2024
"Pertama kali nyobain. Dgn warna kulit saya yg cenderung agak gelap awalnya saya pikir bakal jomplang pas dipake, tp ternyata blend bgt ma kulit warnanya. Jd agak lbh cerah tp bukan jd tone up jg. Teksturnya ky foundy cair, cpt nyerap. Awalnya ky mate pas udah kering tp lama2 jd glow up üëçüèº",SOMETHINC Copy Paste Tinted Sunscreen SPF 40 PA++++,bintang 5,Inun,1/23/2024
Kynya udah botol ke 5 apa 6 gt. Secocok itu dikulit saya yg normal cenderung kering. Enaknya krn ga ada white cast ato tone up. Jd ga berasa cemong dikulit saya yg putih.,[Tasya Approved] SOMETHINC Holyshield! UV Watery Gel SPF 50+ PA++++,bintang 5,Inun,1/23/2024
"Botol kedua üëçüèº. Enak dikulit, gampang menyerap. Ga ada masalah ke kulitnya. Mantap",SOMETHINC Calm Down! PHA 3% Soothing Everyday Toner,bintang 5,I***n,1/23/2024
tipe kulitku kombinasi,SOMETHINC Holyshield! Sunscreen Comfort Corrector Serum SPF 50+ PA++++,bintang 5,R***i,1/23/2024
Udah pake produk skincare yang lain tp micellarnya baru mau nyobain. Semoga cocok.,SOMETHINC Reset Gentle Micellar Cleansing Water,bintang 5,D***y,1/23/2024
Udah ke sekian kali beli cleanser ini. Seenak itu üëçüèª,SOMETHINC Low pH Gentle Jelly Cleanser - Face Wash / Face Cleanser,bintang 5,D***y,1/23/2024
Baru mau coba 2 serum ini. Semoga cocok..,SOMETHINC [2 PCS] Paket Best Seller Layering Serum,bintang 5,D***y,1/23/2024
barang sampai dgn selamat,SOMETHINC Manuka Sugar Wax Home Kit,bintang 5,Akbar,1/23/2024
No review found,SOMETHINC [2 PCS] Perfect Combo Makeup Prep Kit,bintang 5,N***e,1/23/2024
belum dicoba tapi semoga cocok... thanks gift nya...,[Tasya Farasya Approved] SOMETHINC Calm Down! Skinpair Moisturizer,bintang 5,Yanti,1/23/2024
"tipe kulitku berminyak masalah kulitku jerawat
bagi yg sdg jerawatan bermerah, ini moisturizer cocok bgtttt karena bikin nenangin kulit. pokknya enak polll",SOMETHINC [2 PCS] Paket Calm Down Series Skinpair R-Cover Cream,bintang 5,R***n,1/23/2024
"Sesuai pesanan packaging bagus banget

Terima kasih ya",[Tasya Approved] SOMETHINC Holyshield! UV Watery Gel SPF 50+ PA++++,bintang 5,F***a,1/23/2024
tipe kulitku kering tipe kulitku berminyak masalah kulitku pori besar masalah kulitku kerutan tipe kulitku normal tipe kulitku sensitif tipe kulitku kombinasi masalah kulitku jerawat,SOMETHINC [2 PCS] Paket Best Seller Layering Serum,bintang 5,Yemima,1/23/2024
thank you ya somethinc packing terniat banget. asli nambah percaya sama somethinc setelah di review DRL,SOMETHINC BAKUCHIOL Skinpair Oil Serum,bintang 5,Imam,1/23/2024
"sellernya ramah,fast respon,packagingnya rapi,bedaknya halus,lip mattenya oke",SOMETHINC [2 PCS] Paket Matte But Not Flat Duo (Hooman Powder + Idol),bintang 5,Ayu,1/23/2024
"baru pertama kali nyoba, semoga cocok di kulitku",SOMETHINC ACNEDOT Treatment Moisturizer Gel,bintang 5,R***y,1/23/2024
"thankyou somethinccc, calm down nya sudah sampai dan ternyata bagus di kulit akuuu. dapat gratisan penjepit bulu mata pulaa",[Tasya Farasya Approved] SOMETHINC Calm Down! Skinpair Moisturizer,bintang 5,T***a,1/23/2024
kualitas the best! packingan sempurna!  tipe kulitku berminyak,SOMETHINC 10% Niacinamide + Moisture Sabi Beet Brightening Serum,bintang 5,Love,1/23/2024
kualitas the best! packingan sempurna!,SOMETHINC PEPTINOL Granactive Retinoid+Peptide Night Moisturizer Creme,bintang 5,Love,1/23/2024
Suka detailnyaaaa,SOMETHINC Checkmatte Transferproof Lipstick,bintang 5,G***u,1/23/2024
tipe kulitku kering masalah kulitku kerutan masalah kulitku pori besar,[FLASH SALE] SOMETHINC 5% Niacinamide + Moisture Sabi Beet Serum,bintang 5,A***a,1/23/2024
langgganannnn,SOMETHINC Low pH Gentle Jelly Cleanser - Face Wash / Face Cleanser,bintang 5,A***i,1/23/2024
"semoga cocok, baru pertama coba cleansing oil merk ini",SOMETHINC Alpha Squalaneoxidant Deep Cleansing Oil,bintang 5,R***a,1/23/2024
"Pengemasan dan pengiriman cepat, pengepakan rapi dan aman, produk ori dan expnya lama 2026.",SOMETHINC BAKUCHIOL Skinpair Oil Serum,bintang 5,H***i,1/23/2024
semoga cocok. barang dikirim dalam kondisi baik. save package. tipe kulitku berminyak,SOMETHINC GLOW MAKER AHA BHA PHA Clarifying Treatment Toner,bintang 5,Abigail,1/23/2024
packaging aman. barang sampai dalam kondisi baik.,SOMETHINC Acne Shot AC Spot Gel,bintang 5,Abigail,1/23/2024
tipe kulitku berminyak,[FLASH SALE] SOMETHINC 5% Niacinamide + Moisture Sabi Beet Serum,bintang 5,r***a,1/23/2024
masalah kulitku jerawat tipe kulitku berminyak,SOMETHINC Holyshield! Sunscreen Comfort Corrector Serum SPF 50+ PA++++,bintang 5,D***g,1/23/2024
"tipe kulitku kombinasi, efek kulit ketarinya minim, gentle banget, dan daya pembersihnya mantep",SOMETHINC Low pH Gentle Jelly Cleanser - Face Wash / Face Cleanser,bintang 5,Daffa,1/23/2024
"Udah cocok banget dan sering repurchase, packing aman dan rapi banget, di tambah exp nya lama. Sering2 adain diskon yaaa biar saya makin sering co produk samtink hahahha",[Tasya Approved] SOMETHINC Holyshield! UV Watery Gel SPF 50+ PA++++,bintang 5,A***a,1/23/2024
"Dulu pernah nyoba dan cocok, tapi udah berhenti lama dan ga di lanjut lagi. Semoga kali ini cocok lagii ya. Yg paling penting exp nya masih lama",SOMETHINC 5% Niacinamide Barrier Serum,bintang 5,A***a,1/23/2024
"Ini mah udah pasti cocok, udah berkali kali repurchase. Seneng bgt kali ini dapet free penjepit bulu mataaa yeay. Exp nya masih lama, dan packing rapi  dana aman banget",[Tasya Farasya Approved] SOMETHINC Calm Down! Skinpair Moisturizer,bintang 5,A***a,1/23/2024
"Isinya dikittt bgtt, tp hasilnya baguss",SOMETHINC HOOMAN Breathable Cushion Cover SPF 35 PA++++,bintang 5,Agridamdam,1/23/2024
Agak pedih yak,SOMETHINC Calm Down! PHA 3% Soothing Everyday Toner,bintang 5,Agridamdam,1/23/2024
"Pembelian ke 4 kali ini, cocok buat oily juga",SOMETHINC Low pH Gentle Jelly Cleanser - Face Wash / Face Cleanser,bintang 5,Agridamdam,1/23/2024
Bagusss ringan,SOMETHINC Copy Paste Tinted Sunscreen SPF 40 PA++++,bintang 5,Agridamdam,1/23/2024
"Baru coba
Semoga cocok
Recommended seller",SOMETHINC RESURRECT Multibiome Serum,bintang 5,W***a,1/23/2024
"Cocok buat dibawa2 di tas
Makeup bersih bahkan untuk lipstik
Recommended seller",SOMETHINC Omega Butter Deep Cleansing Balm,bintang 5,W***a,1/23/2024
"Texture nya creamy banget dibanding merek sebelah, gatau kenapa aku gavocok jadinya karna pas bikin alis jd terlalu melebar karna creamy nya itu. Tp mungkin kalo org yg lebih ahli bisa bisa aja tp aku lebih cocok pake yg texturenya agak keras",SOMETHINC Brow Pro Pomade 18HR Stay,bintang 5,A***a,1/23/2024
"Beli refillnya ternyata ttp muat dipake di case cushion copy paste hehe, make ini lebih cocok dibanding yg copy paste buat muka berminyak",SOMETHINC HOOMAN Breathable Cushion Cover SPF 35 PA++++,bintang 5,A***a,1/23/2024
"meski beli cm 1, packing pake kardus gede.. terimakasih..",SOMETHINC Velvet Sugar Kohl Waterproof Gel Eyeliner,bintang 5,T***a,1/23/2024
"Wow best buy make up aku setelah dulu pertama kalo myobain somethinc cushion copy paste. Loose powder ini beneran ampuh banget nahan minyak seharian sampe balik kerja, yg tadinya kalo siang aja udh kyk kilang minyak. Beneran ada efek ngeblur imperfection di muka",SOMETHINC HOOMAN UNDER CONTROL HD Blur Loose Powder,bintang 5,A***a,1/23/2024
ok,SOMETHINC HOOMAN UNDER CONTROL HD Blur Loose Powder,bintang 5,W***n,1/23/2024
"Pas cobain samplenya sih cocok. Jd langsung beli fullnya, semoga cocok2 aja dipake long term. Paket tiba dgn aman, walo lama bgtü•≤ padahal udah subs plusüòû but thank you",SOMETHINC [2 PCS] Layering Diamond Serum Favorit,bintang 4,B***r,1/23/2024
"Baru cobain, paket tiba dgn aman, pengiriman rada lama, padahal subs plusüòî so far thank you seller",SOMETHINC [2 PCS] Sheer Glam Makeup Kit (Tinted Sunscreen + Lipstick),bintang 4,Butter,1/23/2024
"Belom coba si semoga cocok. Paket tiba dengan aman. Langganan plus, tp kirimnya lamaüòî please dibenahin lagi ya tokopedia! But thanks seller",SOMETHINC pH Restore Hair Rinsing Vinegar,bintang 4,B***r,1/23/2024
kualitas terbaik. akan repurchaseüëçüèº,SOMETHINC BROW WIZ Retractable Eyebrow,bintang 5,L***l,1/23/2024
"suka banget, tahan lama seharian. kualitas üíØ. akan repurchase pastinya",SOMETHINC FOREVER STAY Waterproof Liquid Eyeliner,bintang 5,L***l,1/23/2024
No review found,SOMETHINC [4 PCS] Paket Skincare Berlian Diamond + Toner,bintang 5,SRI,1/23/2024
No review found,SOMETHINC SKIN GOALS Moisture Silk Crem√®,bintang 5,SRI,1/23/2024
No review found,SOMETHINC [2 PCS] Kulit Bersih & Terlindungi Sinar UV,bintang 5,S***I,1/23/2024
No review found,SOMETHINC Holyshield! Sunscreen Shake Mist SPF46 PA+++,bintang 5,S***I,1/23/2024
tipe kulitku berminyak,SOMETHINC RESURRECT Multibiome Serum,bintang 5,Andra,1/23/2024
"tipe kulitku berminyak masalah kulitku pori besar, packing sangat baik dan rapih",SOMETHINC 5% Niacinamide Barrier Serum,bintang 5,K***a,1/23/2024
tipe kulitku berminyak tipe kulitku sensitif,[Tasya Farasya Approved] SOMETHINC Diamond Phyto Stem Cell Serum,bintang 5,Kara,1/23/2024
tipe kulitku berminyak tipe kulitku sensitif,SOMETHINC Hylapore Away Solution,bintang 5,Kara,1/23/2024
tipe kulitku berminyak tipe kulitku sensitif,SOMETHINC Low pH Gentle Jelly Cleanser - Face Wash / Face Cleanser,bintang 5,Kara,1/23/2024
isinya dikit banget sampe bingung kirain ga ada isinya,SOMETHINC ACNE SHOT AC Overnight Treatment Spot Cream - 10gr,bintang 5,Madao,1/23/2024
ringan di kulit. warna pas.,SOMETHINC Copy Paste Tinted Sunscreen SPF 40 PA++++,bintang 5,V***y,1/23/2024
"cepet nyampenyaa,ringan sesuai namanya tinted sunscreen tapi masih bisa buat nutupin kemerahan,aku sebelumnya nyoba shade nina tapi malah jadi kusem dan kuning akhirnya nyoba shade butter dan pass üòª",SOMETHINC Copy Paste Tinted Sunscreen SPF 40 PA++++,bintang 5,a***a,1/23/2024
"cepet nyampenyaa,teksturnya agak creamy,smugeproof juga lohh tp warnanya agak kurang pigment",SOMETHINC SCANDAL Waterproof Retractable Eyeliner,bintang 5,a***a,1/23/2024
"Teksturnya ringan mudah menyerap kulit, udh ada spf nya jd kl dipake daily pun ok, wlwpn ga full coverage tp bisa menutupi warna tdk merata dimuka.. bakalan repurchase ini..",SOMETHINC Copy Paste Tinted Sunscreen SPF 40 PA++++,bintang 5,N***a,1/23/2024
"pengiriman cepat , packing oke , thanks !",SOMETHINC SUPPLE POWER Hyaluronic9+ Onsen Essence Toner,bintang 5,Highstreet,1/23/2024
"suka sm warnanya, next order warna lain",SOMETHINC Checkmatte Transferproof Lipstick,bintang 5,Novi,1/23/2024
"tipe kulitku berminyak
alhamdulillah cocok... thanks",SOMETHINC HOOMAN UNDER CONTROL HD Blur Loose Powder,bintang 5,A***u,1/23/2024
Bagus,SOMETHINC Brow Pro Pomade 18HR Stay,bintang 5,T***g,1/23/2024
"Beli serum ini pas dapet harga flash sale, lumayan banget diskonnya. Packing Oke, pengiriman lumayan cepat. 
Produknya belum dicoba jadi belum bisa kasi nilai.",[FLASH SALE] SOMETHINC 5% Niacinamide + Moisture Sabi Beet Serum,bintang 5,Fatimah,1/23/2024
tipe kulitku normal,SOMETHINC (REFILL) COPY PASTE BREATHABLE MESH CUSHION SPF 33 PA++,bintang 5,T***i,1/23/2024
"Jujur buat aku gak cocok, tapi aku gapaham skincare dan cenderung asal beli. cuma sepertinya ini works deh kalo emanh cocok tipe kulitnya. Feel dimukanya setelah dipake agak lengket menurut aku, jadi gabisa tidur miring, trus bukan tipe skincare yang kalo kena angin adem mukanya. cuma yaudah salahku.",[FLASH SALE] SOMETHINC 5% Niacinamide + Moisture Sabi Beet Serum,bintang 4,Gigih,1/23/2024
Hasil akhir bagus kaya kulit kita tapi bersi yg sehat üòç,SOMETHINC [2 PCS] Sheer Glam Makeup Kit (Tinted Sunscreen + Lipstick),bintang 5,Fibelle,1/23/2024
bagus tahan air,SOMETHINC Velvet Sugar Kohl Waterproof Gel Eyeliner,bintang 5,T***n,1/23/2024
